id;caste;famille;nom;cout;description;rulebook
artisan-apprenti;Artisan;caste;Apprenti;3;Permet de disposer d'un apprenti artisan qui, en plus de rendre de menus services au personnage, pourra s'occuper de son atelier en son absence, porter des messages, colporter des rumeurs et effectuer certaines tâches de base. L'apprenti doit être instruit et demandera un peu de temps et d'attention de la part de son maître. Au bout de quelques années, l'apprenti quittera le personnage pour se lancer seul.;livre-de-regles-2e-edition
artisan-autorisation;Artisan;caste;Autorisation;4;Permet de pratiquer la mécanique pour réaliser des objets ou des machines d'intérêt public (engins de levage, horloges, roues de moulins, etc.). Ce Privilège ne permet pas de connaître la Compétence Mécanique (qui doit être apprise avec l'Avantage Art interdit) mais simplement de la pratiquer de façon relativement libre. Le personnage dispose d'un sceau conféré par les maîtres de sa caste qui lui servira à marquer visiblement l'objet. Tous ses travaux dépendant de cette autorisation seront toujours validés par une commande transmise par la caste et validée par l'Inquisition.;livre-de-regles-2e-edition
artisan-charte-d-atelier;Artisan;caste;Charte d'atelier;4;Permet de disposer d'une autorisation d'accès aux ateliers des artisans résidents. Elle se présente sous la forme d'une série de broderies apposées sur son tablier de sortie. Elles lui garantissent un accueil favorable chez ses confrères, qui lui demanderont alors un dédommagement plus modique pour prêter un établi et quelques outils. Ce Privilège permet évidemment d'éviter les hausses de Difficulté dues à un matériel insuffisant. De plus, le personnage ne subira pas les allongements de délai de création dus au travail solitaire.;livre-de-regles-2e-edition
artisan-familier;Artisan;caste;Familier;1;Permet de posséder un petit animal intelligent, généralement un oiseau ou un mammifère, capable d'échanger des émotions et des informations sommaires avec le personnage et de lui rendre quelques menus services (porter un outil, maintenir deux pièces ensemble, etc.).;livre-de-regles-2e-edition
artisan-notable;Artisan;caste;Notable;3;Permet de disposer d'une réputation et d'une clientèle de choix, de pouvoir compter sur l'aide de dignitaires locaux et d'être bien vu par un grand nombre de personnalités importantes de la ville et de ses environs.;livre-de-regles-2e-edition
artisan-outils;Artisan;caste;Outils;4;Permet au personnage de disposer d'outils particulièrement efficaces et utilisés depuis longtemps, qui lui confèrent un bonus de 2 à toutes les actions en rapport avec son métier. Il appartient au meneur de jeu de restreindre les applications de ces outils, qui doivent logiquement être utilisables par un membre de la caste des artisans. Ils seront donc prioritairement utilisables avec des Compétences d'artisanat ou, plus largement, manuelles.;livre-de-regles-2e-edition
artisan-psychometrie;Artisan;caste;Psychométrie;5;Permet, rien qu'en touchant un objet, d'en découvrir automatiquement la fonction, l'âge, l'origine géographique et le sexe du dernier propriétaire en date. En réussissant un jet de Manuel + Empathie contre une Difficulté de 10, le personnage peut obtenir, pour chaque NR, une réponse à une question supplémentaire concernant l'objet (nature magique de l'objet, dernière utilisation, etc.).;livre-de-regles-2e-edition
artisan-reparation-de-routine;Artisan;caste;Réparation de routine;4;Permet d'improviser une réparation de fortune pour les objets courants. Le personnage est habitué à utiliser les moyens du bord et s'en sortira même s'il lui manque certains matériaux. En effectuant un jet de Manuel + Coordination, il improvise une solution qui durera 1 + NR jours. Toute réparation de routine sur un objet en ayant déjà bénéficié se verra infliger un malus cumulatif de 5.;livre-de-regles-2e-edition
artisan-expertise;Artisan;annexe;Expertise;4;Permet de confirmer ou d'infirmer l'authenticité de n'importe quel objet.;livre-de-regles-2e-edition
artisan-faveur-politique;Artisan;annexe;Faveur politique;4;Permet d'avoir tissé un réseau de relations politiques dans les principales villes d'un royaume. Ce réseau s'appuie sur des amitiés, des pots de vin et des services mutuels. Le personnage pourra obtenir plus facilement certaines informations (dates, projets de lois, ragots, etc.). Ce Privilège peut être choisi plusieurs fois et s'applique à un pays à chaque fois.;livre-de-regles-2e-edition
artisan-tuteur;Artisan;annexe;Tuteur;8;Permet de bénéficier de l'aide et de la bienveillance d'un mage de Statut égal au sien, que l'artisan a connu lors de son intéressement à la sorcellerie au sein d'une académie. Si ce mage n'est pas censé intervenir directement lors des aventures, il peut prodiguer des conseils, des enseignements ou lancer pour le personnage quelques sorts mineurs — en échange de petits services.;livre-de-regles-2e-edition
combattant-adaptation;Combattant;caste;Adaptation;3;Permet d'improviser une technique de combat avec des armes de fortune (chaises, bâtons, pierres) ou des armes dont il ne possède pas la Compétence. Il faut pour cela réussir un jet de Mental + Coordination + niveau de Statut contre une Difficulté de 5 (si l'arme est relativement simple d'usage) ou de 10 (si elle est incongrue ou délicate à manier). Pour la durée du combat, le personnage gagne un niveau de Compétence égal à 1 + nombre de NR. Il est nécessaire d'effectuer un jet pour chaque type d'arme et pour chaque combat.;livre-de-regles-2e-edition
combattant-argot-combattant;Combattant;caste;Argot combattant;2;Permet de manier un langage basé sur les signes, le mouvement des yeux et les postures, afin de communiquer silencieusement des informations. Il n'y a aucun jet à effectuer, mais les informations doivent être simples (couvre-moi, attention sur le flanc, j'en vois deux, etc.) et l'interlocuteur du personnage doit obligatoirement posséder ce Privilège pour le comprendre.;livre-de-regles-2e-edition
combattant-botte-secrete;Combattant;caste;Botte secrète;5;Permet de maîtriser un coup vicieux et imprévisible qui déroutera sensiblement son adversaire. Le joueur doit préciser la nature de ce coup : coup visé, attaque précise, charge, etc. Il peut s'agir d'un coup existant (voir Système de jeu) ou d'un coup rare apprécié par le personnage. Lorsqu'il utilise ce coup, les jets de parade ou d'esquive de l'adversaire voient leur Difficulté augmenter de 5. Ce dernier peut cependant effectuer un jet de Mental + Compétence d'arme concernée contre une Difficulté de 20 pour comprendre la manœuvre et annuler la Difficulté supplémentaire. La Difficulté de ce jet est réduite de 5 à chaque nouveau jet.;livre-de-regles-2e-edition
combattant-double-attaque;Combattant;caste;Double attaque;6;Permet d'effectuer, une fois par tour de combat, une deuxième attaque lors d'un même rang d'action et ce, sans subir de Difficulté supplémentaire. La première attaque s'effectue normalement, mais la seconde voit ses dommages amputés d'un dé. Aucune manœuvre n'est possible sur cette nouvelle attaque.;livre-de-regles-2e-edition
combattant-engagement;Combattant;caste;Engagement;4;Permet d'ignorer, une fois par combat et pendant un tour complet, tous les malus découlant de ses blessures. Les malus reviennent normalement au début du tour suivant.;livre-de-regles-2e-edition
combattant-feinte;Combattant;caste;Feinte;6;Permet de porter un coup simulé que l'adversaire tentera de parer ou d'esquiver. Cette technique, particulièrement efficace, a pour effet principal d'augmenter la Difficulté des jets suivants de l'adversaire car, si la feinte ne compte pas comme une action, la parade et/ou l'esquive le sont bel et bien. Le personnage peut donc feindre une attaque, contraindre à la défense et porter une véritable attaque sans aucun malus. Une seule feinte est possible lors d'un même tour. Après la première feinte, l'adversaire a droit à un jet de Mental + Compétence d'arme concernée contre une Difficulté de 15 pour comprendre qu'il ne s'agit pas d'une véritable attaque. La Difficulté de ce jet est réduite de 5 à chaque nouvelle feinte. Un personnage disposant de ce Privilège sur le point de subir une feinte peut directement effectuer le jet de Mental + Compétence d'arme concernée pour deviner la feinte (il n'est pas obligé d'attendre APRÈS l'avoir subie une fois). La Difficulté reste inchangée.;livre-de-regles-2e-edition
combattant-riposte;Combattant;caste;Riposte;5;Permet d'effectuer une contre-attaque immédiatement après avoir paré ou esquivé un coup et ce, quel que soit le nombre de NR. Il est impossible d'effectuer une manœuvre. La Difficulté reste inchangée, mais les dommages sont réduits d'un dé. Une seule riposte est possible par tour.;livre-de-regles-2e-edition
combattant-vigilance;Combattant;caste;Vigilance;4;Permet de deviner le comportement de son adversaire au début d'un tour de combat. Il faut pour cela réussir un jet de Mental + Compétence de l'arme utilisée par l'adversaire contre une Difficulté de 15. Si l'adversaire ne compte pas attaquer, sa Compétence d'arme est remplacée par la Caractéristique qu'il va utiliser (Coordination s'il s'agit d'une fuite ou d'un mouvement, par exemple). Le personnage gagne un bonus égal au nombre de NR sur une parade, une esquive ou le rang de l'un de ses dés d'Initiative. Il est possible d'attaquer avant l'adversaire si l'Initiative du personnage devient supérieure grâce à ce bonus.;livre-de-regles-2e-edition
combattant-allies-mercenaires;Combattant;annexe;Alliés mercenaires;6;Permet de disposer d'un réseau d'anciens compagnons d'armes capables de lui apporter une aide non négligeable. Ce Privilège peut permettre d'obtenir des informations, de demander un soutien actif ou de disposer d'un petit nombre d'hommes de main en peu de temps. Il n'est applicable qu'au sein d'une cité comptant des groupes de mercenaires respectueux des enseignements de Kroryn.;livre-de-regles-2e-edition
combattant-compagnons-de-bataille;Combattant;annexe;Compagnons de bataille;6;Permet de disposer d'un vieux compagnon de campagnes dans n'importe quelle cité comptant plus de cinq mille habitants. Cet ami pourra rendre des services, fournir des renseignements ou apporter une aide variée — hébergement, prêt de matériel, etc.;livre-de-regles-2e-edition
combattant-maitrise-d-armure;Combattant;annexe;Maîtrise d'armure;10;Permet de rendre son armure particulièrement résistante à un type d'attaque précis. Pour utiliser ce Privilège, le personnage doit obligatoirement être spécialisé dans l'arme contre laquelle il souhaite renforcer son armure. L'Indice de protection augmente de 10 face à ce type d'attaque.;livre-de-regles-2e-edition
commercant-bonne-fortune;Commerçant;caste;Bonne fortune;5;Permet, une fois par jour, de relancer un jet de dés impliquant l'Attribut Manuel ou Social.;livre-de-regles-2e-edition
commercant-expertise;Commerçant;caste;Expertise;2;Permet de confirmer ou d'infirmer l'authenticité de n'importe quel objet.;livre-de-regles-2e-edition
commercant-faveur-politique;Commerçant;caste;Faveur politique;2;Permet d'avoir tissé un réseau de relations politiques au sein des principales villes d'un royaume. Ce réseau s'appuie sur des amitiés, des pots de vin et des services mutuels. Le personnage pourra obtenir plus facilement certaines informations (dates, projets de lois, ragots, etc.). Ce Privilège peut être choisi plusieurs fois et s'applique à un pays à chaque fois.;livre-de-regles-2e-edition
commercant-fournisseur-de-poisons;Commerçant;caste;Fournisseur de poisons;5;Permet de savoir comment entrer en contact avec des intermédiaires douteux pouvant lui fournir du poison. Le meneur de jeu reste libre quant aux poisons qu'il souhaite fournir au personnage. De plus, ce Privilège est rare et ses pairs se déchargent sur lui des affaires douteuses. Si le personnage est considéré comme un criminel par les autorités, sa caste interviendra tout de même pour étouffer les poursuites mineures dont il pourra faire l'objet.;livre-de-regles-2e-edition
commercant-notoriete;Commerçant;caste;Notoriété;2;Permet de s'être forgé une bonne réputation au sein d'une cité ou d'une région de petite taille. La Renommée du personnage est augmentée de 1 une fois qu'il est reconnu. Le personnage gagne un bonus de 1 à toutes ses actions sociales effectuées à l'intérieur de cette cité ou région. Ce Privilège peut être acheté plusieurs fois et s'applique à une cité ou à une petite région à chaque fois.;livre-de-regles-2e-edition
commercant-psychologie;Commerçant;caste;Psychologie;2;Permet, après quelques minutes d'observation, de deviner l'état d'esprit d'un individu. Ce Privilège ne donne que des renseignements vagues et généraux, mais il permet tout de même de ressentir la colère, la joie, la tristesse, la fourberie, etc.;livre-de-regles-2e-edition
commercant-reflexes-de-fuite;Commerçant;caste;Réflexes de fuite;3;Permet, une fois par combat, de bénéficier d'une esquive gratuite, dont la Difficulté est toujours de 15.;livre-de-regles-2e-edition
commercant-ressources;Commerçant;caste;Ressources;3;Permet de connaître des astuces, paris, expertises et de pratiquer des ventes mineures pour s'assurer un revenu régulier. Le personnage obtient 50 dracs de fer par niveau de Statut et par semaine. Il lui suffit de consacrer une heure par jour à ses menues affaires pour justifier ce revenu. Ce Privilège est suspendu lors de longs voyages en terres dépeuplées (déserts, marais, montagnes, etc.).;livre-de-regles-2e-edition
commercant-connaissance-du-monde;Commerçant;annexe;Connaissance du monde;6;Permet de déterminer la provenance de n'importe quel objet, vêtement, animal ou être humain, rien qu'en l'observant. De simples détails suffisent au personnage pour définir avec précision la région d'origine de ce qu'il observe.;livre-de-regles-2e-edition
commercant-messager;Commerçant;annexe;Messager;4;Permet de disposer d'un oiseau, d'un petit animal ou d'un serviteur capable de porter des messages vers un endroit déterminé. Ce Privilège ne permet pas de communiquer, mais juste de faire acheminer des messages, écrits ou oraux, du personnage à un lieu ou à un correspondant fixe.;livre-de-regles-2e-edition
commercant-relations-d-affaires;Commerçant;annexe;Relations d'affaires;6;Permet de disposer d'une connaissance amicale dans n'importe quelle cité comptant plus de cinq mille habitants. Cet ami a commercé fructueusement avec le personnage et pourra lui rendre des services, fournir des renseignements ou apporter une aide variée : hébergement, prêt de matériel, etc.;livre-de-regles-2e-edition
erudit-ambassade;Érudit;caste;Ambassade;3;Permet de disposer d'un sceau, d'un sauf-conduit ou d'un laissez-passer officiel qui lui ouvrira les portes de nombreuses cités de Kor. En choisissant ce Privilège, le joueur devra préciser l'origine de son mandat, car il est évident qu'un document émanant de l'Empire de Solyr n'aura aucun poids d'influence en plein désert zül. Les applications de ce Privilège sont laissées à la discrétion du meneur de jeu. En contrepartie de certains avantages, le personnage peut également avoir à rendre des services ou à servir de messager officiel entre deux États.;livre-de-regles-2e-edition
erudit-aplomb;Érudit;caste;Aplomb;1;Permet de contrôler ses émotions et de faire prévaloir sa condition d'érudit en toutes circonstances, quitte à aider le personnage à éviter un combat, à engager une discussion posée ou à bénéficier du respect dû à sa caste. Le personnage peut alors ajouter son Statut à son premier jet destiné à bloquer une situation en train de dégénérer. Cela peut être un jet de Diplomatie dans le cas d'une négociation tendue ou de Commandement dans le cas d'un combat sur le point de débuter.;livre-de-regles-2e-edition
erudit-aval-draconique;Érudit;caste;Aval draconique;6;Permet d'être autorisé à effectuer des recherches sur l'UNE des Compétences interdites sans risque d'être inquiété. Il peut ainsi s'adonner à la Chirurgie ou à la Mécanique, ou à toute autre forme de Compétence interdite par les Dragons. Il est toujours nécessaire de posséder l'Avantage Art interdit pour développer la Compétence.;livre-de-regles-2e-edition
erudit-calligraphie-officielle;Érudit;caste;Calligraphie officielle;4;Permet de rédiger des écrits très précis sur des faits ou des connaissances particulières. Ces textes enluminés selon une charte immuable ont force de preuves ou de références pour les lecteurs suivants : juristes, inquisiteurs, érudits. Ce Privilège est indispensable pour prétendre rédiger un ouvrage destiné aux générations futures et le faire figurer dans une bibliothèque. Tout autre écrit rédigé sans ce Privilège sera toujours considéré comme « douteux » par la caste des érudits. L'usage qui sera fait de ces écrits engage la réputation de toute la caste et peut entraîner des remontrances en cas d'abus.;livre-de-regles-2e-edition
erudit-linguistique;Érudit;caste;Linguistique;2;Permet de maîtriser les rudiments de suffisamment de dialectes issus du langage draconique pour comprendre et se faire comprendre dans la majorité des régions de Kor sans passer de longues journées à étudier les variations locales. Ce Privilège ne permet pas de poursuivre une discussion soutenue, mais au moins d'éviter tout malentendu.;livre-de-regles-2e-edition
erudit-memoire;Érudit;caste;Mémoire;4;Permet à un personnage de se remémorer un nom, une date, un événement ou une information oubliée du joueur qui l'incarne. Grâce à ce Privilège, le joueur peut demander au meneur de jeu de lui rappeler un détail vieux d'un mois à un an (en temps de jeu), selon l'importance de l'information.;livre-de-regles-2e-edition
erudit-notoriete;Érudit;caste;Notoriété;4;Permet de disposer des bonnes grâces d'un certain milieu social, de compter des amis fidèles au sein de la noblesse et de prétendre à certains égards liés à sa condition d'érudit. Il pourra ainsi être invité à des réunions privées, des soirées mondaines, etc. Lorsque le personnage cherche à se faire reconnaître dans son pays d'origine, il peut ajouter son Statut à sa Renommée.;livre-de-regles-2e-edition
erudit-faveur-politique;Érudit;annexe;Faveur politique;4;Permet d'avoir tissé un réseau de relations politiques au sein des principales villes d'un royaume. Ce réseau s'appuie sur des amitiés, du respect et des services mutuels. Le personnage pourra obtenir plus facilement certaines informations (dates, projets de lois, ragots, etc.). Ce Privilège peut être choisi plusieurs fois et s'applique à un pays à chaque fois.;livre-de-regles-2e-edition
erudit-messager;Érudit;annexe;Messager;4;Permet de disposer d'un oiseau, d'un petit animal dressé ou d'un serviteur capable de porter des messages vers un endroit déterminé. Ce Privilège ne permet pas de communiquer, mais juste de faire acheminer des messages, écrits ou oraux, du personnage à un lieu ou à un correspondant fixe.;livre-de-regles-2e-edition
erudit-psychologie;Érudit;annexe;Psychologie;4;Permet, après quelques minutes d'observation, de deviner l'état d'esprit d'un individu. Ce Privilège ne donne que des renseignements vagues et généraux, mais il permet tout de même de ressentir la colère, la joie, la tristesse, la fourberie, etc.;livre-de-regles-2e-edition
mage-anonymat;Mage;caste;Anonymat;4;Permet de dissimuler les marques d'appartenance à une école de magie et de bouleverser sa propre trame élémentaire pour la rendre plus difficile à ressentir. Le personnage peut passer pour un membre d'une autre caste — commerçants, voyageurs, érudits ou artisans dans la plupart des cas — ce qui peut être très utile dans certaines régions hostiles aux initiés des arcanes. Toute tentative magique pour localiser le personnage ou deviner ses émotions verra sa Difficulté augmenter de 5. Pour tenter de percer à jour cette couverture, l'interlocuteur du personnage doit réussir un jet de Social + Empathie contre une Difficulté de 20. Ce Privilège ne permet pas de connaître exactement les coutumes et usages de la caste ainsi interprétée, ce qui est du ressort de la Compétence Castes.;livre-de-regles-2e-edition
mage-laboratoire;Mage;caste;Laboratoire;5;Permet de disposer d'un accès privilégié aux études et aux salles d'essai des académies de magie. Le mage se fait reconnaître par le biais de ses bracelets de caste, dont les gravures sont particulières. Ce Privilège lui permet de bénéficier d'un bonus de 3 lors de ses apprentissages de sorts et de récupérer aisément des Clés banales (minéraux, métaux vulgaires, pigments, plantes, portions d'animaux...).;livre-de-regles-2e-edition
mage-leurre;Mage;caste;Leurre;3;Permet de générer de façon illusoire le lancement d'un sort. Ce Privilège peut être utilisé autant de fois par jour que son niveau de Statut. Le sort simulé devra être un sort de Magie instinctive et ne fonctionnera que sur UNE cible. Le mage effectue un jet de Mental + Magie instinctive contre une Difficulté égale à Mental + Volonté de la cible. Chaque NR simule les effets normaux du sort pour un tour, pour cette cible et elle seule, cette dernière étant convaincue de voir les effets du sort. Le leurre ne coûte pas de Point de Magie, utilise autant d'actions pour être lancé et se résout comme le sort simulé. À la fin de l'effet, la cible perce l'illusion, les effets n'ayant jamais réellement existé. Le mage ne peut pas utiliser ce Privilège sur lui-même.;livre-de-regles-2e-edition
mage-messager;Mage;caste;Messager;2;Permet de disposer d'un oiseau, d'un petit animal ou d'un serviteur capable de porter des messages vers un endroit déterminé. Ce Privilège ne permet pas de communiquer, mais juste de faire acheminer des messages, écrits ou oraux, du personnage à un lieu ou à un correspondant fixe.;livre-de-regles-2e-edition
mage-prevoyance;Mage;caste;Prévoyance;2;Permet de disposer à tout moment des ingrédients non périssables et des Clés matérielles dont il risque d'avoir besoin pour lancer ses sortilèges. Ce Privilège ne prend pas en compte les ingrédients rares et extrêmement coûteux, sauf si le personnage a déjà fait la démarche nécessaire pour se les procurer — auquel cas il les a conservés sur lui.;livre-de-regles-2e-edition
mage-sortilege-fetiche;Mage;caste;Sortilège fétiche;4;Permet de maîtriser parfaitement la technique de lancement d'un sort. Grâce à ce Privilège, le personnage gagne un bonus de 2 chaque fois qu'il utilise ce sortilège précis. Il est possible de choisir ce Privilège deux fois.;livre-de-regles-2e-edition
mage-style;Mage;caste;Style;3;Permet de lancer ses sorts d'une façon non conventionnelle, en employant des postures, des Clés ou des termes inédits. Le personnage peut remplacer des postures par d'autres, des chants ou des cris par d'autres sons, ou encore utiliser des Clés matérielles différentes. Il n'est pas possible de remplacer les Clés matérielles par une posture ou un chant par un simple geste. Grâce à ce Privilège, le mage peut être facilement reconnu lorsqu'il utilise son art, ce qui lui confère une solide réputation et le fait passer pour détenteur d'un Statut supérieur. En présence d'autres mages, le personnage gagne un bonus de 1 à sa Renommée, à partir du moment où il a été reconnu.;livre-de-regles-2e-edition
mage-tuteur;Mage;caste;Tuteur;4;Permet de bénéficier de l'aide et de la bienveillance d'un mage de Statut supérieur, membre de la même école de magie que le personnage. Si ce mage n'est pas censé intervenir directement lors des aventures, il peut prodiguer des conseils, offrir son aide ou fournir au personnage des ingrédients rares — en échange de quelques petits services.;livre-de-regles-2e-edition
mage-apprenti;Mage;annexe;Apprenti;6;Permet de disposer d'un apprenti qui, en plus de rendre de menus services au personnage, pourra s'occuper de son matériel en son absence, porter des messages, colporter des rumeurs et effectuer certaines tâches de base. L'apprenti doit être instruit et demandera un peu de temps et d'attention de la part de son maître. Au bout de quelques années, l'apprenti quittera le personnage pour se lancer seul.;livre-de-regles-2e-edition
mage-engagement;Mage;annexe;Engagement;8;Permet d'ignorer, une fois par combat et pendant un tour complet, tous les malus découlant de ses blessures. Les malus reviennent normalement au début du tour suivant.;livre-de-regles-2e-edition
mage-memoire;Mage;annexe;Mémoire;8;Permet de se remémorer un nom, une date, un événement ou une information oubliée du joueur qui l'incarne. Grâce à ce Privilège, le joueur peut demander au meneur de jeu de lui rappeler un détail vieux d'un mois à un an (en temps de jeu), selon l'importance de l'information.;livre-de-regles-2e-edition
prodige-don-de-brorne;Prodige;caste;Le don de Brorne;4;"Permet, en réussissant un jet de Physique + Volonté contre une Difficulté de 15, de diviser par deux les dommages d'une attaque physique portée contre le personnage. Ce Privilège peut être utilisé trois fois par jour à ce niveau de Difficulté ; toute tentative supplémentaire se voit infliger un malus cumulatif de 5.";livre-de-regles-2e-edition
prodige-don-de-heyra;Prodige;caste;Le don de Heyra;4;Permet, en réussissant un jet de Mental + Volonté contre une Difficulté de 5, de soigner une case de blessure par Niveau de Réussite, en commençant par les plus graves. Un jet réussi permet d'effacer toutes les égratignures. Ce Privilège peut être utilisé trois fois par jour, mais jamais plus d'une fois par personne. Si ce Privilège parvient à être utilisé dans le même tour où un blessé décède, cette dernière passe en coma comme si elle avait été soignée par Chirurgie. Ce Privilège n'a aucun effet si un critique entraîne une mort instantanée.;livre-de-regles-2e-edition
prodige-don-de-kalimsshar;Prodige;caste;Le don de Kalimsshar;4;Permet au personnage de soigner un individu ou un animal en « transférant » une case de blessure du blessé vers lui. Ce Privilège peut être utilisé sans limitation, mais il est impossible de transférer une case de mort de cette façon.;livre-de-regles-2e-edition
prodige-don-de-kezyr;Prodige;caste;Le don de Kezyr;4;Permet, deux fois par jour, de regagner tous ses Points de Maîtrise.;livre-de-regles-2e-edition
prodige-don-de-khy;Prodige;caste;Le don de Khy;3;Permet, en réussissant un jet de Social + Empathie contre une Difficulté de 15, d'envoyer un message télépathique à un être humain. Le message ne peut comporter plus d'une phrase et ne peut être utilisé plus d'une fois par jour sur une même personne.;livre-de-regles-2e-edition
prodige-don-de-kroryn;Prodige;caste;Le don de Kroryn;4;Permet, une fois par tour, d'augmenter de 2 la valeur d'un dé d'Initiative ou des dommages de base d'une arme contondante.;livre-de-regles-2e-edition
prodige-don-de-nenya;Prodige;caste;Le don de Nenya;4;Permet, en réussissant un jet de Mental + Volonté, d'annuler les effets d'un sort visant le personnage. La Difficulté de ce jet est de 10 + 5 par niveau du sort. Ce Privilège ne peut être utilisé que trois fois par jour.;livre-de-regles-2e-edition
prodige-don-d-ozyr;Prodige;caste;Le don d'Ozyr;3;Permet, en réussissant un jet de Mental + Empathie contre une Difficulté de 15, de réveiller un savoir enfoui dans l'esprit du personnage. L'origine de ce savoir est mystérieuse (à la discrétion du meneur de jeu). Lorsque ce Privilège est utilisé, l'esprit du personnage s'ouvre. Le meneur de jeu décide alors secrètement de l'information du savoir réveillé qu'il révélera au joueur à un moment critique, le personnage prenant subitement conscience de son potentiel. Ce Privilège ne peut être utilisé sur une personne avant qu'une réminiscence provoquée ne se soit révélée.;livre-de-regles-2e-edition
prodige-don-de-szyl;Prodige;caste;Le don de Szyl;3;Permet, une fois par combat, de lancer un dé supplémentaire d'Initiative. Il est toujours impossible de lancer plus de dés qu'un personnage ne possède de nombre d'actions.;livre-de-regles-2e-edition
prodige-aplomb;Prodige;annexe;Aplomb;2;Permet de contrôler ses émotions et de faire prévaloir sa condition de Prodige en toutes circonstances, aidant le personnage à éviter un combat, à engager une discussion posée ou à bénéficier du respect dû à sa caste. Le personnage peut alors ajouter son Statut à son premier jet destiné à bloquer une situation en train de dégénérer. Ce jet peut être un jet de Diplomatie dans le cas d'une négociation tendue ou de Commandement dans le cas d'un combat sur le point de débuter.;livre-de-regles-2e-edition
prodige-engagement;Prodige;annexe;Engagement;8;Permet d'ignorer, une fois par combat et pendant un tour complet, tous les malus découlant de ses blessures. Les malus reviennent normalement au début du tour suivant.;livre-de-regles-2e-edition
prodige-reflexes-de-degagement;Prodige;annexe;Réflexes de dégagement;6;Permet, une fois par combat, de bénéficier d'une esquive gratuite, dont la Difficulté est toujours de 15.;livre-de-regles-2e-edition
protecteur-adopte;Protecteur;caste;Adopté;5;Permet de se faire reconnaître de n'importe quel dragon, autre qu'un enfant de Kalimsshar, comme porteur de l'autorité de Brorne. Grâce à ce Privilège, le personnage pourra ainsi être autorisé à communiquer par télépathie, à demander de l'aide ou à échanger des informations avec n'importe quel dragon. Selon la situation, il lui sera éventuellement possible d'obtenir le soutien momentané du dragon ou de proposer ses services reconnus à l'allié. Si le dragon le souhaite, il pourra même le représenter dans certaines interactions avec les humains.;livre-de-regles-2e-edition
protecteur-autorite;Protecteur;caste;Autorité;4;Permet de faire valoir son Statut pour prendre la direction de toute investigation officielle au sein d'une cité respectant les Lois draconiques. Du moment qu'aucun protecteur de Statut supérieur n'est présent, le personnage devient responsable des enquêtes, des rapports officiels et de la gestion des éventuels messages diplomatiques.;livre-de-regles-2e-edition
protecteur-cuirasse;Protecteur;caste;Cuirasse;5;Permet de diviser par deux les dommages infligés par une attaque. Pour utiliser ce Privilège, le personnage doit impérativement porter une armure et annoncer qu'il ne tente aucune autre action de défense — ni esquive, ni parade. Ce Privilège ne peut être utilisé qu'une seule fois par combat et s'applique aux dégâts avant le décompte de l'armure.;livre-de-regles-2e-edition
protecteur-defense;Protecteur;caste;Défense;6;Permet d'effectuer une parade gratuite au bouclier par tour de combat. Cette parade ne compte pas dans le nombre d'actions du personnage et ne subit pas de Difficulté supplémentaire.;livre-de-regles-2e-edition
protecteur-influences;Protecteur;caste;Influences;3;Permet de disposer d'un réseau d'informateurs et de collaborateurs fidèles aux Lois draconiques, capables de lui apporter une aide non négligeable. Ce Privilège peut permettre d'obtenir des informations, de demander un soutien actif ou de disposer d'un petit nombre d'hommes de main en peu de temps. Il n'est applicable qu'au sein d'une cité comptant des groupes d'hommes et de femmes respectueux des Lois draconiques.;livre-de-regles-2e-edition
protecteur-porte-parole;Protecteur;caste;Porte-parole;3;Permet de faire office de porte-parole au sein de n'importe quel groupe. Le protecteur peut ainsi servir d'interlocuteur auprès de milices locales, de seigneurs ou de dirigeants de cités, négocier des trêves ou des alliances diplomatiques. La réussite de ces entreprises n'est absolument pas obligatoire, mais ce Privilège permet de prendre la parole dans des discussions que seuls les ambassadeurs attitrés sont normalement autorisés à mener.;livre-de-regles-2e-edition
protecteur-requisition;Protecteur;caste;Réquisition;4;Permet de réquisitionner tout matériel, renfort ou moyen financier qu'il juge indispensable au bon déroulement de sa mission. Les abus sont sévèrement punis par la caste.;livre-de-regles-2e-edition
protecteur-signes-de-bataille;Protecteur;annexe;Signes de bataille;4;Permet de manier un langage basé sur les signes, le mouvement des yeux et les postures, afin de communiquer silencieusement des informations. Il n'y a aucun jet à effectuer, mais les informations doivent être simples (couvre-moi, attaque par le flanc, j'en vois deux, etc.) et l'interlocuteur du personnage doit obligatoirement posséder ce Privilège pour le comprendre.;livre-de-regles-2e-edition
protecteur-engagement;Protecteur;annexe;Engagement;8;Permet d'ignorer, une fois par combat et pendant un tour complet, tous les malus découlant de ses blessures. Les malus reviennent normalement au début du tour suivant.;livre-de-regles-2e-edition
protecteur-notoriete;Protecteur;annexe;Notoriété;4;Permet de s'être forgé une bonne réputation au sein d'une cité ou d'une région de petite taille. La Renommée du personnage est augmentée de 1 une fois qu'il est reconnu. Le personnage gagne un bonus de 1 à toutes ses actions sociales effectuées à l'intérieur de cette cité ou région. Ce Privilège peut être acheté plusieurs fois et s'applique à une cité ou à une petite région à chaque fois.;livre-de-regles-2e-edition
voyageur-archer;Voyageur;caste;Archer;6;Permet de tirer une flèche supplémentaire lors d'un tour de combat. Cette attaque est gratuite, ne compte pas dans le nombre d'actions et n'est assortie d'aucune Difficulté supplémentaire. Son initiative est égale à celle du dé le plus faible.;livre-de-regles-2e-edition
voyageur-compagnons;Voyageur;caste;Compagnons;3;Permet de disposer d'une connaissance amicale dans n'importe quelle cité comptant plus de cinq mille habitants. Cet ami pourra rendre des services, fournir des renseignements ou apporter une aide variée — hébergement, prêt de matériel, etc.;livre-de-regles-2e-edition
voyageur-fils-de-la-terre;Voyageur;caste;Fils de la Terre;4;Permet d'utiliser son environnement pour improviser un remède de fortune à n'importe quel mal — fracture, empoisonnement, paralysie, etc. En réussissant un jet de Manuel + Survie contre une Difficulté de 15, il peut annuler les effets d'un désagrément pour une période de 24 heures, après quoi l'intervention d'un soigneur ou d'un remède spécifique deviendra indispensable. Cette Difficulté peut être réduite de 5 si le personnage se trouve dans le milieu défini par sa survie, et augmentée de 5 dans un milieu différent.;livre-de-regles-2e-edition
voyageur-logistique;Voyageur;caste;Logistique;2;Permet de toujours disposer de croquis et de cartes sommaires détaillant les principales régions du monde. Seules les cités, les constructions et les souterrains n'ont aucune chance d'être affectés par ce Privilège.;livre-de-regles-2e-edition
voyageur-maitrise-d-armure;Voyageur;caste;Maîtrise d'armure;5;Permet de rendre son armure particulièrement résistante à une arme précise. Pour utiliser ce Privilège, le personnage doit obligatoirement être spécialisé dans l'arme contre laquelle il souhaite renforcer son armure. L'Indice de protection augmente de 10 face à cette arme.;livre-de-regles-2e-edition
voyageur-rancune;Voyageur;caste;Rancune;4;Permet de connaître les points faibles d'une catégorie d'animaux ou de créatures et de bénéficier d'un bonus de 2 points à toutes les attaques visant une créature de cette espèce. En plus de la catégorie, le personnage doit choisir le type d'attaque sur lequel s'applique ce bonus — corps à corps, armes de mêlée, armes de jet ou armes à projectiles.;livre-de-regles-2e-edition
voyageur-solitaire;Voyageur;caste;Solitaire;4;Permet d'agir plus efficacement lorsqu'il est seul et de gagner un bonus de 2 à ses actions de pistage, de diplomatie et de Communication.;livre-de-regles-2e-edition
voyageur-ambassade;Voyageur;annexe;Ambassade;6;Permet de disposer d'un sceau, d'un sauf-conduit ou d'un laissez-passer officiel qui lui ouvrira les portes de nombreuses cités de Kor. En choisissant ce Privilège, le joueur doit préciser l'origine de son mandat, car il est évident qu'un document émanant de l'Empire de Solyr n'aura aucun poids d'influence en plein désert zül. Les applications de ce Privilège sont laissées à la discrétion du meneur de jeu. En contrepartie de certains avantages, le personnage peut également avoir à rendre des services ou à servir de messager officiel entre deux États. De plus, le personnage devra conserver une position et un comportement exemplaires vis-à-vis du pays qu'il représente.;livre-de-regles-2e-edition
voyageur-familier;Voyageur;annexe;Familier;2;Permet de posséder un petit animal intelligent, généralement un oiseau ou un mammifère, capable d'échanger des émotions et des informations sommaires avec le personnage et de lui rendre quelques menus services (dénicher une source, flairer une piste, signaler l'approche d'humains ou de prédateurs, etc.).;livre-de-regles-2e-edition
voyageur-linguistique;Voyageur;annexe;Linguistique;4;Permet de maîtriser les rudiments de suffisamment de dialectes issus du langage draconique pour comprendre et se faire comprendre dans la majorité des régions de Kor sans passer de longues journées à étudier les variations locales. Ce Privilège ne permet pas de poursuivre une discussion soutenue, mais au moins d'éviter tout malentendu.;livre-de-regles-2e-edition
voyageur-connaissance-du-monde;Voyageur;caste;Connaissance du monde;3;Permet de déterminer la provenance de n'importe quel objet, vêtement, animal ou être humain, rien qu'en l'observant. De simples détails suffisent au personnage pour définir avec précision la région d'origine de ce qu'il observe.;livre-de-regles-2e-edition
