id;nom;niveau;complexite;discipline;sphere;cout;tempsIncantation;uniteIncantation;difficulte;cle;effet
cache-cache;Cache-cache;1;20;Sorcellerie;Cités;5;1;Heure;15;vêtements bien ajustés, danse de la chance, rune de silence;en jetant ce sort sur des vêtements, le mage leur donne la capacité de couvrir les bruits de celui qui les porte pendant (1 + NR) jours. Le porteur bénéficie ainsi d'un bonus de +5 à sa Compétence de Discrétion.
chemin-de-khy;Chemin de Khy;1;5;Invocatoire;Cités;2;3;Tour;15;posture d'écoute, rune de la sagesse tracée en l'air, complainte de la cité;en invoquant la sagesse de Khy, le mage se voit attribuer un bonus de +5 sur ses jets d'orientation en milieu urbain (Orientation ou Vie en cité) pendant (1 + NR) heures.
cle-audacieuse;Clé audacieuse;1;15;Sorcellerie;Cités;5;1;Heure;15;petit levier, lime, rune de la famille;le mage enchante un levier qui devient capable de déverrouiller n'importe quelle porte fermée pendant (1 + NR) jours.
element-du-decor;Élément du décor;1;10;Instinctive;Cités;3;1;Action;15;cape, rune de Khy;en s'appuyant contre un mur, le mage en prend la teinte pendant (30 + 30 par NR) minutes. Il peut ainsi se soustraire au regard des autres. La Difficulté pour le repérer augmente de +15. Si le mage utilise la magie ou parle, le sort s'arrête aussitôt. Ce sort ne fonctionne qu'en milieu urbain (village, ville, cité).
flanerie-passagere;Flânerie passagère;1;5;Instinctive;Cités;2;1;Action;15;petits cailloux blancs, murmures;en lançant ce sort, le mage distrait (1 + NR) cibles pendant (1 + NR) tours. Elles voient la Difficulté de leurs actions augmenter de 5 durant ce laps de temps. Ce sort est inefficace en situation de combat.
heureuse-coincidence;Heureuse coïncidence;1;5;Invocatoire;Cités;1;1;Tour;15;sifflement, posture nonchalante;le mage découvre le nom d'une personne inconnue qu'il observe. Il bénéficie d'un bonus de (1 + NR) à ses jets de Compétence liés à l'Attribut Social pendant leur première conversation.
murmure-melodieux;Murmure mélodieux;1;15;Invocatoire;Cités;5;2;Tour;15;voix faible, rune du silence;le mage peut parler à une personne située à (75 + 10 par NR) mètres de lui pendant 3 tours comme s'il murmurait au creux de son oreille. Personne d'autre que la cible ne pourra l'entendre.
oeil-indiscret;Œil indiscret;1;5;Invocatoire;Cités;3;2;Tour;15;morceau de craie, rune de Khy tracée sur le mur ou la porte;en traçant un petit cercle sur un mur ou sur une porte, le mage peut observer à travers, mais pas entendre ce qui se passe, pendant (10 + 10 par NR) minutes.
poudre-descampette;Poudre d'escampette;1;20;Instinctive;Cités;4;2;Action;18;rune de l'oubli, voix, sentiment de confusion;ce sort ne fonctionne que dans des endroits permettant de se perdre (cité, forêt, château, etc.). Le mage peut semer (2 + NR) poursuivants pendant 1 heure.
poursuite-de-khy;Poursuite de Khy;1;20;Sorcellerie;Cités;3;3;Heure;15;carte d'une ville ou d'un lieu, charbon pilé, voix grave;le mage pose une carte sur une table et y déverse de la poudre de charbon. Les poussières s'embrasent et se rejoignent là où se trouve la personne ou l'objet que cherche le mage. La localisation reste cependant très imprécise. De plus le charbon brûle la carte en 1 tour. La poudre de charbon reste enchantée (1 + NR) cycles.
sourire-enchanteur;Sourire enchanteur;1;10;Instinctive;Cités;4;1;Action;15;sourire, fard à joue;le mage augmente son Attribut Social de 3 pendant (10 + 10 par NR) minutes.
temoin-des-ruelles;Témoin des ruelles;1;5;Invocatoire;Cités;3;2;Tour;15;gestuelle de recherche, voix murmurante;le mage invoque une petite créature non agressive capable de repérer les passages dérobés qui reste à son service pendant (10 + 10 par NR) minutes.
la-bonne-parole;La bonne parole;2;30;Instinctive;Cités;15;4;Action;20;voix chaleureuse, rune de Khy;le mage se voit accorder l'attention et la confiance d'une foule dans un rayon de 20 mètres et à portée de voix. Il conserve cet ascendant pendant (1 + NR) heures. En cas d'échec de la tentative, la foule est prise d'une haine peu commune et se retourne contre le mage.
plume-de-verite;Plume de vérité;2;30;Sorcellerie;Cités;7;5;Heure;20;plume de scribe, rune de la sagesse;ce sort permet de créer une plume qui oblige son utilisateur à dire la vérité pendant qu'il écrit. S'il ment, l'encre qu'il utilise change de couleur. Ce sort est utilisable même avec les analphabètes, il suffit juste de leur faire dessiner quelque chose. L'enchantement de la plume dure (1 + NR) cycles.
reflet-trompeur;Reflet trompeur;3;45;Sorcellerie;Cités;10;1;Heure;20;masque de bois, rune, gestuelle d'imitation;le masque de bois est enchanté. Une fois placé sur le visage de quelqu'un, il reproduit parfaitement le visage, la voix et les mimiques d'une personne (et une seule) choisie par le porteur. Même la corpulence et la taille font partie de l'illusion. Cette illusion peut être découverte avec un jet de résistance de Mental + Empathie contre une Difficulté de 20. L'enchantement dure (1 + NR) jours.
bouclier-carmin;Bouclier carmin;1;15;Instinctive;Feu;3;2;Action;15;morceau de charbon, chant du feu;le mage crée une petite flamme qui tourne autour de sa cible. Elle bloque la première attaque physique portée avec succès contre la personne qu'elle protège en créant un petit bouclier de feu qui pare l'attaque avant de disparaître. La flamme dépérit et devient inefficace au bout de (1 + NR) heures si elle n'a pas fait effet.
brise-volcanique;Brise volcanique;1;10;Invocatoire;Feu;5;10;Tour;15;souffle, rune des volcans, chant des volcans;ce sort crée une poche d'air chaud à 30°C de (10 + 10 par NR) m³ pendant huit heures. Elle permet de ne pas avoir froid la nuit.
cachet-brulant;Cachet brûlant;1;10;Sorcellerie;Feu;3;30;Minute;15;lettre, sceau et cire, voix forte, rune de feu;en lançant ce sort sur le sceau d'une lettre, le mage appose un mot de commande sur le cachet. Dès que le sceau est rompu sans que le mot de commande soit prononcé à voix haute, le lecteur ne dispose plus que d'un court moment pour comprendre la lettre avant qu'elle ne se consume (5 actions maximum). L'enchantement de la lettre dure (1 + NR) semaines.
feux-follets;Feux follets;1;10;Invocatoire;Feu;1;2;Tour;15;bille de charbon, la voix;ce sort crée une lumière dansante qui illumine une zone de (1 + NR) mètres de rayon pendant une heure. C'est une lumière froide que les créatures sensibles aux sources de chaleur ne peuvent déceler.
guide-ecarlate;Guide écarlate;1;15;Invocatoire;Feu;5;2;Tour;15;brindille, chant du dragon;ce sort fait apparaître un petit lézard de feu qui obéit aux ordres du mage pendant (30 + 10 par NR) minutes avant de disparaître. Il est utile pour déclencher des pièges ou bouger des bibelots à distance. Il est également capable de rendre de menus services. Craintif, il ne peut être utilisé en combat.
lame-ardente;Lame ardente;1;15;Sorcellerie;Feu;8;1;Heure;15;lame, forge, voix, gestuelle;ce sort permet à celui qui porte la lame de l'enflammer à volonté pendant (1 + NR) heures. L'arme enflammée bénéficie d'un bonus de +10 aux dommages de base.
loeil-de-pyrite;L'œil de Pyrite;1;15;Instinctive;Feu;2;1;Action;15;geste vif traçant une rune de feu dans l'air, brindille et chant de la lumière;ce sort permet d'enflammer un objet combustible situé à moins de 10 mètres pendant (1 + NR) tours. Il peut servir à allumer un peu de bois sec ou une torche. Il peut enflammer une étoffe, un rideau ou une lettre. Il n'occasionne pas directement de dommage, mais une personne dont la chemise prend feu doit se dépêcher de l'éteindre ou l'enlever en 1 action maximum, sous peine de subir (15 + 1D10) points de dommages.
piege-lumineux;Piège lumineux;1;20;Sorcellerie;Feu;6;1;Heure;15;sable noir, rune de lumière, danse de la lumière;ce sort piège pendant (5 + NR) heures une zone de (1 + NR) m². Toute personne qui y pénètre sans avoir préalablement prononcé le mot de pouvoir déclenche le piège. Un flash illumine toute la zone rendant visible les personnes qui s'y trouvent. Les victimes aveuglées subissent un malus de -5 à toutes leurs actions nécessitant la vue pendant 1 tour.
souffle-ardent;Souffle ardent;1;20;Instinctive;Feu;5;2;Action;15;respiration, rune gravée sur un morceau de charbon (ou tatouée), posture d'inspiration d'air;le mage fait jaillir de sa bouche un jet de flammes de 5 mètres de long qui embrase tout objet combustible affecté. Le mage peut souffler pendant (1 + NR) tours. Ce sort inflige (15 + 1D10) points de dommages par souffle sur une zone de 2 m². Il ne peut être qu'esquivé ou paré à l'aide d'un bouclier.
feu-interieur;Feu intérieur;2;35;Instinctive;Feu;12;6;Action;25;rune de l'homme, danse du feu;ce sort entoure une cible consentante d'un halo de flammes qui l'immunise, elle et son équipement, contre toutes les formes de dommages de feu pendant (10 + 10 par NR) minutes. Ce halo lui confère un bonus de +15 à ses jets de dommages à mains nues, et un Indice de protection supplémentaire de +15. Lorsque le sort prend fin, tous les objets combustibles transportés par la cible sont détruits.
cendres-brulantes;Cendres brûlantes;3;55;Invocatoire;Feu;10;3;Tour;20;voix plaintive, sentiment de perte, rune de feu tracée dans l'air;le mage invoque une pluie de cendres incandescentes qui tombe sur une zone de 2 m². Elle inflige (25 + 1D10) points de dommages à chaque tour pendant (1 + NR) tours. Les cendres ayant la fâcheuse habitude de rester collées et de continuer à grésiller. Elles infligent encore (10 + 1D10) points de dommages pendant deux tours après la fin du sort.
conflagration-ecarlate;Conflagration écarlate;3;45;Instinctive;Feu;8;3;Action;20;regard, rune;le mage enflamme une sphère de 10 m³ d'air pendant (1 + NR) tours à une distance de moins de 30 mètres. Toutes les personnes et les objets à l'intérieur de cette zone subissent (20 + 1D10) points de dommages par tour.
la-main-des-flammes;La main des flammes;3;85;Sorcellerie;Feu;25;10;Heure;25;gant, rune de feu, soufre;ce sort enchante un gant pendant un cycle. Une fois par jour, il permet au mage de lancer des petites boules de feu pendant (1 + NR) heures, à raison de une par tour. Les projectiles enflammés ont une portée de 50 mètres et infligent (20 + 1D10) points de dommages qui ne peuvent pas être parés, seulement esquivés avec une difficulté de +5. L'Indice de protection des armures est divisé par ??? contre ces petites boules de feu.
sang-de-moryagorn;Sang de Moryagorn;3;90;Invocatoire;Feu;25;1;Heure;30;voix plaintive, posture de peur, morceaux de lave;le mage fait jaillir du sol un flot de lave à moins de 10 mètres de lui. La lave s'écoule à gros bouillons pendant (1 + NR) heures ou jusqu'à ce que le mage meure ou mette fin à ce sort. La lave inflige (80 + 2D10) points de dommages à tout ce qui se trouve sur son passage. Elle se déplace de 30 mètres par tour.
torche-eternelle;Torche éternelle;3;45;Sorcellerie;Feu;7;5;Heure;20;torche, incantation crépitante, soufre, rune de lumière;ce sort enchante (1 + NR) torches qui brillent pendant un an sans se consumer. Elles se rallument après une poignée de minutes si elles sont éteintes avec de l'eau ou par manque d'oxygène.
certitude;Certitude;1;5;Instinctive;Métal;1;1;Action;15;rune de la précision;le mage récupère (2 + NR) Points de Maîtrise déjà dépensés. Il ne peut en aucun cas dépasser la valeur de son Attribut Maîtrise de cette façon. Rater le lancement de ce sort ne rapporte aucun Point de Chance.
estampille-de-kezyr;Estampille de Kezyr;1;15;Sorcellerie;Métal;3;1;Heure;15;rune de métal, marque de Kezyr gravée sur l'objet, chant du forgeron;en apposant la marque de Kezyr sur un objet, le mage en augmente définitivement la qualité de (1 + 1 par 3 NR) niveaux (de bonne à très bonne, etc.). Un objet ne peut porter qu'une marque de Kezyr et l'augmentation de qualité ne procure aucune capacité spéciale.
force-du-forgeron;Force du forgeron;1;10;Instinctive;Métal;3;1;Action;15;tatouage ou dessin d'une rune de métal, pression musculaire;le mage augmente sa Force ou celle d'une personne consentante de 5 pendant (1 + NR) tours. Cette modification n'affecte pas l'Attribut Physique mais s'applique aux dommages physiques.
jeu-de-la-gravite;Jeu de la gravité;1;25;Sorcellerie;Métal;5;30;Minute;15;objet de moins d'une tonne, rune de plomb, plume;l'objet enchanté voit son poids multiplié ou divisé par 3 pendant (1 + NR) jours. Ce sort baisse les prérequis de Force des armes et armures (ainsi que leur pénalité d'encombrement) de 3.
lame-brisee;Lame brisée;1;5;Instinctive;Métal;1;1;Action;15;rune d'acier, cri aigu;le mage brise un objet en métal situé à moins de 5 mètres. Les objets enchantés, magiques ou de très bonne qualité ne sont pas affectés par ce sort.
lame-du-heros;Lame du héros;1;10;Sorcellerie;Métal;10;1;Heure;20;arme, runes, sentiment de force, sable noir;ce sort enchante la lame d'une arme qui bénéficie alors d'un bonus de +5 aux dommages pendant (1 + NR) jours. Le sable utilisé semble rester inclus dans la lame durant ce laps de temps. Il disparaît ensuite, laissant la lame retrouver son état d'origine.
mine-merveilleuse;Mine merveilleuse;1;5;Invocatoire;Métal;5;2;Tour;15;pioche ou pelle, chant de mineur;en creusant la terre d'une cinquantaine de centimètres, le mage découvre des pépites de fer. Le poids total de la découverte est de (1 + NR) kg de fer.
pas-legers;Pas légers;1;5;Invocatoire;Métal;4;3;Tour;15;plume, rune d'agilité tracée sur l'armure en métal, danse du métal, voix grave;en invoquant l'agilité de Kezyr, le mage assouplit magiquement une armure de métal et en diminue ainsi la pénalité d'encombrement de 5 pendant (5 + 2 par NR) heures.
poing-dacier;Poing d'acier;1;35;Instinctive;Métal;3;1;Action;15;rune d'acier, voix;la chair d'un membre devient de l'acier malléable qui permet de lui donner la forme d'une arme ou d'un outil pendant (1 + NR) tours. Si le membre se transforme en arme, cette dernière dispose d'un bonus de +5 aux dommages. Dans le cas d'un outil, la Compétence nécessaire pour l'utiliser bénéficie d'un bonus de +5.
rideau-dacier;Rideau d'acier;1;20;Instinctive;Métal;7;5;Action;15;rune, posture (bras croisés devant le visage);le mage est protégé par un écheveau de fins fils d'acier qui ondulent autour de lui pendant (2 + NR) tours. Cette barrière métallique divise par 3 tous les dommages physiques infligés contre le lanceur du sort et par 2 les dommages magiques. Tous les dommages sont arrondis à l'inférieur.
acide-de-kezyr;Acide de Kezyr;2;25;Sorcellerie;Métal;5;1;Heure;15;fiole, eau, chant des fontaines mercuriales;ce sort permet de créer 1 litre d'une substance capable de liquéfier le métal. Très pratique pour les loquets et les armures trop épaisses, l'acide de Kezyr ne peut malheureusement affecter que des objets métalliques de qualité inférieure à bonne. Le liquide conserve ses propriétés pendant (3 + NR) semaines.
attraction-des-faibles;Attraction des faibles;2;35;Invocatoire;Métal;12;5;Action;25;rune, limaille de fer, souffle;le mage souffle sur de la poussière métallique et forme un nuage qu'il déplace à volonté pendant (30 + 30 par NR) minutes. Tous les objets métalliques situés à moins de 30 mètres sont attirés vers le mage. Les individus portant plus de 5 kg de métal subissent le même sort. Toutefois il leur est possible de résister par un jet de Manuel + Force contre une Difficulté de 15 + 1 par kilo de métal porté. S'ils sont libres, les objets métalliques s'agglutinent ensemble et ne peuvent plus être séparés.
globes-de-la-vengeance;Globes de la vengeance;2;30;Instinctive;Métal;8;3;Action;15;billes de plomb, grognements;le mage projette des billes de plomb vers sa cible. Elles tournoient autour de la cible et la percutent irrégulièrement, occasionnant (30 + 1D10) points de dommages par tour. Elles peuvent être parées (avec un bouclier) ou esquivées avec une Difficulté de +10. Ce sort dure pendant (1 + NR) tours.
serviteur-argente;Serviteur argenté;2;35;Invocatoire;Métal;7;1;Tour;15;drac d'argent, rune d'argent;un petit serviteur élémentaire sort du drac d'argent. Il sert le mage pendant (10 + 10 par NR) minutes et peut accomplir de simples tâches (ouvrir une porte, apporter un message, etc.). Craintif, il ne participe à aucun combat. En disparaissant, le serviteur ne laisse pas un mais deux dracs d'argent derrière lui.
traits-aceres;Traits acérés;2;40;Invocatoire;Métal;5;1;Tour;15;clous en acier, rune d'acier, posture élancée;ce sort fait jaillir des aiguilles d'acier de 30 centimètres de long vers une cible située à moins de 100 mètres. Elles occasionnent (15 + 1D10 par NR) points de dommages. Les aiguilles ne peuvent être ni parées, ni esquivées.
colere-du-metal;Colère du métal;3;60;Sorcellerie;Métal;15;10;Heure;25;20 billes de fer, rune de métal, poudre de charbon;le mage enchante 20 billes de fer pendant (1 + NR) ans qu'il peut placer où il souhaite mais jamais côte à côte. Une fois placées, les billes explosent au moindre contact, occasionnant (30 + 2D10) points de dommages si le mot de commande n'est pas prononcé dans les deux mètres. Le mage peut transporter les billes sans risque dans de la poudre de charbon. Au moment de la pose, il doit les nettoyer consciencieusement et prononcer le mot de commande.
cercle-sacre;Cercle sacré;1;15;Invocatoire;Nature;5;1;Tour;15;branche d'arbre, chant de la forêt, rune de la colère tracée sur la branche;le mage fait appel à la protection des arbres afin d'éviter les dangers de la nature (prédateurs, insectes venimeux, etc.) pendant huit heures. Pour ce faire, il trace sur le sol un cercle sacré de (10 + 10 par NR) mètres de diamètre.
croissance-animale;Croissance animale;1;10;Instinctive;Nature;5;3;Action;15;poignée de terre, rune de la fertilité, gorgée d'eau;le mage double la taille, les Caractéristiques physiques et l'Attribut Physique d'un animal ou d'une créature non draconique pendant (1 + NR) tours. Ce sort ne permet pas de contrôler l'animal.
lecorce-dheyra;L'écorce d'Heyra;1;15;Sorcellerie;Nature;3;1;Heure;15;écorce de bois, danse de la nature, rune de résistance;ce sort a pour effet de doubler l'Indice de protection des équipements en bois pendant (1 + NR) semaines.
entraves-verdoyantes;Entraves verdoyantes;1;20;Invocatoire;Nature;5;1;Tour;15;poignée de mauvaises herbes, rune de lenteur;le mage fait pousser à vitesse accélérée des racines autour des jambes de (1 + NR) cibles. Les personnes ciblées voient leurs mouvements restreints. Se libérer de ces entraves prend normalement 5 minutes, mais seulement 1 minute si les victimes réussissent un jet de Physique + Coordination contre une Difficulté de 15. Entravée une personne voit les Difficultés de toutes ses actions augmenter de +5.
fruits-sauvages;Fruits sauvages;1;20;Invocatoire;Nature;1;1;Tour;15;pépin de fruit, danse de la fertilité;le mage fait pousser d'énormes fruits juteux et nourrissants qui permettent de sustenter (1 + NR) personnes pour un repas. Ils se conservent éventuellement deux jours.
lierre-grimpant;Lierre grimpant;1;10;Invocatoire;Nature;2;1;Tour;15;feuille de lierre, rune de la nature, danse de la fertilité;ce sort permet de faire pousser un lierre le long d'un mur qui fait office d'échelle pendant 10 tours. Sa longueur maximum est de (5 + 5 par NR) mètres.
parterre-de-fleurs;Parterre de fleurs;1;10;Instinctive;Nature;1;1;Action;15;graines et pétales;le mage fait fleurir un parterre de fleurs aux couleurs chatoyantes dont la beauté galvanise les personnes qui le contemplent. (1 + NR) personnes bénéficient ainsi d'un bonus de (1 + NR) à un jet de Compétence lié à l'Attribut Social.
puissance-du-dragon;Puissance du dragon;1;15;Sorcellerie;Nature;10;5;Heure;20;écaille de dragon, rune de force;ce sort permet d'améliorer l'efficacité d'une arme pendant (1 + NR) cycles. Elle bénéficie d'un bonus de +5 aux dommages de base.
regain-denergie;Regain d'énergie;1;20;Instinctive;Nature;5;1;Action;15;imposition des mains, feuilles grasses ou herbes séchées;ce sort stabilise l'état de santé de (1 + NR) cibles et soigne leur plus haute case de blessure.
vitalite-naturelle;Vitalité naturelle;1;15;Instinctive;Nature;4;1;Action;15;rune de la nature, position du dragon accroupi;le mage, ou une cible de son choix qu'il touche, bénéficie d'un bonus de +1 à l'un de ses Attributs Majeurs pendant (1 + NR) tours.
colere-de-la-nature;Colère de la nature;2;35;Instinctive;Nature;15;5;Action;20;branche brisée, de la terre souillée, rune de la vengeance;ce sort ne fonctionne pas dans les zones urbaines. Les animaux et la végétation se liguent pour agresser (5 + NR) cibles. Les attaques des arbres et des animaux aux ordres du mage occasionnent (35 + 1D10) points de dommages à ces dernières, une fois par tour pendant (1 + NR) tours.
flute-charmeuse;Flûte charmeuse;2;25;Sorcellerie;Nature;3;30;Minute;15;flûte droite, air de musique printanier;la flûte enchantée de la sorte permet d'attirer les représentants d'une espèce animale, et de communiquer sommairement avec eux pendant (1 + NR) tours. Le mage choisit en lançant le sort quelle famille d'animaux est charmée par la musique (félins, rongeurs, poissons, etc.).
nuee-de-moustiques;Nuée de moustiques;2;25;Invocatoire;Nature;10;3;Tour;15;ailes d'insectes, rune de l'infini;le mage invoque une colonie d'insectes venimeux qui attaque la cible désignée. La nuée réalise deux attaques automatiques imparables avant de se disperser. Les dommages infligés sont de 2D10. De plus le venin des insectes entraîne un engourdissement. Ceci se traduit par un malus de -5 à toutes les actions de la victime pendant (1 + NR) tours.
remede-naturel;Remède naturel;2;25;Sorcellerie;Nature;5;30;Minute;15;goutte du poison ou du sang de la victime, rune de guérison;ce sort permet de créer un remède dont la durée de conservation n'est que de (1 + NR) heures. Ingéré, cette mixture neutralise de manière définitive les effets du poison et rétablit une Caractéristique éventuellement atteinte. Le remède n'est valable que pour une personne.
baton-du-tonnerre;Bâton du tonnerre;3;100;Sorcellerie;Nature;30;20;Heure;25;bâton de chêne centenaire, rune de la nature, chant de la foudre;le bâton enchanté permet de donner des ordres simples, sauf attaquer, à tous les animaux présents dans une zone d'effet de (200 + 100 par NR) m². Pendant les orages, il peut faire appel à la foudre une fois par tour, chaque éclair infligeant 40 points de dommages. Enfin le bâton procure un Indice de protection supplémentaire de +15 à son porteur et l'immunise aux sorts de la Sphère de l'Ombre d'un coût inférieur à 10. Le bâton est enchanté pendant (1 + NR) cycles.
dryade-de-la-fertilite;Dryade de la fertilité;3;65;Invocatoire;Nature;30;45;Minute;25;couronne de feuilles, galet parfaitement rond, bouquet de houx, chant de la fertilité;le mage invoque un esprit de la nature pour bénéficier de sa bénédiction. La dryade est à sa disposition pendant (1 + NR) cycles. Tant qu'elle se trouve à ses côtés (elle ne peut s'éloigner de plus de 100 mètres du mage), ce dernier ne ressent pas la faim, ne peut pas se perdre et n'est jamais attaqué par aucun animal sauvage. La dryade peut aussi le soigner de 3 cases de blessure par jour en commençant par la plus grave à raison de 30 minutes par case. Enfin, tant qu'elle l'accompagne, le mage bénéficie d'un bonus de +5 lorsqu'il lance un sort de la sphère de la Nature. La dryade refuse catégoriquement de pénétrer dans un village ou une ville sous peine de rompre le charme.
bouclier-dembruns;Bouclier d'embruns;1;10;Instinctive;Océans;3;2;Action;15;rune d'eau, miroir, danse de protection;le mage dresse un écran liquide autour de lui pendant (1 + NR) tours. Il lui procure un Indice de protection supplémentaire de +5 et divise par quatre tous les dommages dus au feu (magique ou non).
danse-du-poisson;Danse du poisson;1;10;Sorcellerie;Océans;5;2;Heure;15;rune de l'eau, rune de l'air;ce sort permet d'enchanter des vêtements pendant (1 + NR) jours de telle façon à ce que le porteur puisse flotter, même en armure. Ce sort n'annule aucunement la pénalité d'encombrement d'une armure.
grimoire-astucieux;Grimoire astucieux;1;15;Sorcellerie;Océans;3;1;Heure;15;livre, rune de l'eau;ce sort permet d'enchanter un livre afin de le verrouiller pendant (1 + NR) jours. Il ne répond qu'à la voix du mage (ou à une imitation magique).
mal-de-mer;Mal de mer;1;15;Instinctive;Océans;2;2;Action;15;rune de l'eau, claquement de doigt;au cours du prochain tour, la cible du sort doit effectuer un jet de Mental + Résistance contre une Difficulté de 15 pour ne pas être prise de vertiges. En cas d'échec, elle est prise d'un violent mal de mer qui lui inflige un malus de -5 à toutes ses actions pendant (1 + NR) tours.
nymphe-nacree;Nymphe nacrée;1;15;Invocatoire;Océans;5;2;Tour;15;verre d'eau de mer, chant des vagues et posture accroupie;le mage invoque une petite créature aquatique qui lui rend de menus services, simples comme éteindre un feu ou apporter un message. Craintive, la nymphe ne participe pas aux combats. Elle reste avec le mage pendant (30 + 10 par NR) minutes.
rumeur-des-vagues;Rumeur des vagues;1;15;Sorcellerie;Océans;5;30;Minute;15;voix douce, poupée, cire, rune de l'enfance;cet enchantement permet au mage d'utiliser une poupée comme prolongement direct de son ouïe pendant (1 + NR) heures. Posée dans une pièce, la poupée retransmet toutes les discussions qui ont lieu autour d'elle, si le mage souhaite les entendre.
sapience-singuliere;Sapience singulière;1;5;Instinctive;Océans;3;1;Action;15;rune d'eau, danse du savoir;le mage augmente une Compétence de son choix liée à l'Attribut Mental de (1 + NR) pour réaliser un unique jet.
torrent-glace;Torrent glacé;1;15;Invocatoire;Océans;1;1;Tour;15;goutte d'eau froide, danse de l'eau, chant de l'équilibre;le mage ouvre un portail lié au lac d'un glacier pendant (1 + NR) tours. L'eau s'en déversant peut déséquilibrer une personne visée. Pour éviter d'être jetée au sol, cette dernière doit réussir un jet de Coordination + Physique ou d'Acrobatie contre une difficulté de 20. Le volume d'eau déversée est d'environ 1 m³ par tour.
vision-troublante;Vision troublante;1;10;Invocatoire;Océans;4;1;Tour;15;rune de l'œil, posture de la sentinelle, écuelle d'eau fraîche;le mage a une vision fugitive de l'avenir dans l'écuelle d'eau fraîche, un indice, une indication à suivre. Ce sort donne (1 + NR) informations par NR. Avec une réussite normale, le message des Dragons sera sans doute sibyllin.
cristal-des-profondeurs;Cristal des profondeurs;2;30;Sorcellerie;Océans;8;5;Heure;20;coupe de cristal, rune, chant d'une vierge;cette coupe a la capacité de détecter la dangerosité de tout liquide que l'on verse dedans pendant (1 + NR) cycles. Aucune substance ou poison ne résiste à cet enchantement. La couleur du liquide testé change si celui-ci est dangereux.
source-vive;Source vive;2;25;Instinctive;Océans;6;2;Action;15;rune d'eau, posture (bras tendus vers la cible);un mince jet d'eau surpuissant sort des paumes du mage. Il inflige (15 + 1D10 par NR) points de dommages. La cible peut tenter d'esquiver l'attaque mais sa Difficulté est augmentée de +10. Une parade (uniquement avec un bouclier) est possible avec une Difficulté de +5, mais le bouclier perdra systématiquement un point de protection.
fontaine-bienfaisante;Fontaine bienfaisante;3;60;Sorcellerie;Océans;15;10;Heure;25;voix chantante, rune de paix tracée dans l'eau, cours d'eau ou fontaine;ce sort enchante l'eau d'un cours d'eau ou d'une fontaine de façon à ce qu'elle soigne les maladies. Toute personne baignée dans cette eau miraculeuse voit ses tissus se régénérer. Selon la gravité d'une maladie, il faut compter entre 10 minutes et 3 heures de baignade pour que les chairs soient réparées. Si la maladie laissait cochées des cases de blessure, ces dernières sont soignées par l'immersion. La fontaine ne peut soigner qu'une personne à la fois. Ses propriétés demeurent actives pendant (1 + NR) jours.
fureur-dozyr;Fureur d'Ozyr;3;75;Invocatoire;Océans;15;3;Tour;25;miroir, voix grave, rune de l'eau tracée sur le miroir, danse de la tempête avec bris du miroir;le mage crée un tourbillon d'eau très violent autour de lui d'un volume de 20 m³. Toute personne prise dans la tourmente doit réussir un jet de Manuel + Acrobatie (ou Force) contre une Difficulté de 20 (25 dans le cas de la Force), faute de quoi elle est projetée violemment à 10 mètres du lieu du contact et reçoit (20 + 1D10) points de dommages. Toute personne tentant de s'approcher du lanceur de ce sort doit résister au tourbillon. Le mage est invulnérable au feu pendant la durée du sort qui est de (1 + NR) tours. Il bénéficie enfin d'un Indice de protection supplémentaire de +10 contre toute attaque devant traverser la barrière liquide.
raz-de-maree;Raz de marée;3;75;Instinctive;Océans;20;5;Action;25;écaille d'un dragon d'Ozyr, rune de tempête, posture (poings contre terre);le mage crée un véritable mur d'eau capable de noyer plusieurs hommes. D'un volume de 100 m³, la vague avance à une vitesse de (30 + 10 par NR) mètres par tour pendant 10 tours. Si une personne est prise dans la vague, elle subit 2D10 points de dommages sans pouvoir y soustraire son Indice d'armure. Cette vague peut également détruire les bâtiments, les navires ou toute construction susceptible d'être recouverte ou balayée par la vague.
alteration-de-brorne;Altération de Brorne;1;5;Invocatoire;Pierre;3;4;Tour;15;rune de l'esprit tracée sur la pierre à travailler, voix aiguë puis grave;en invoquant l'esprit de la pierre, le mage diminue d'un palier la dureté de (1 + NR) m³ de pierre afin de pouvoir la travailler plus facilement (de granit à grès, de grès à calcaire). Au bout d'un jour, la pierre reprend sa dureté initiale.
arme-de-puissance;Arme de puissance;1;10;Sorcellerie;Pierre;5;2;Heure;15;une arme, rune de la pierre, danse de la force;ce sort permet d'enchanter une arme afin de lui donner un bonus de +5 sur ses dommages de base pendant (1 + NR) jours.
chemin-de-la-terre;Chemin de la terre;1;10;Invocatoire;Pierre;3;4;Tour;15;rune de la mémoire tracée sur le sol, chant de la pierre, posture accroupie;en invoquant la mémoire de la pierre, le mage peut remonter la piste récente (moins d'une heure) d'une personne sur une surface minérale qui normalement ne garde pas la trace des pas (pavés, rocs, etc.), et ce pendant (30 + 15 par NR) minutes. Il doit néanmoins posséder un objet appartenant à la personne recherchée.
crevasse-vertigineuse;Crevasse vertigineuse;1;35;Instinctive;Pierre;10;3;Action;20;rune de pierre, posture accroupie;le mage fait littéralement s'ouvrir la terre à 10 mètres de lui pendant (1 + NR) tours. La crevasse fait (30 + 5 par NR) m. Les individus tombant dedans subissent 2D10 points de dommages sans armure. Les bâtiments se trouvant pris pour moitié dans la crevasse s'effondrent.
golem-aile;Golem ailé;1;10;Invocatoire;Pierre;3;1;Tour;15;morceau de granit, rune de la pierre;ce sort permet de faire apparaître une petite gargouille qui donnera l'alerte si quelqu'un s'introduit dans sa zone de surveillance (surface surveillée : 30 m²). Elle reste en poste (1 + NR) heures.
graviers-volants;Graviers volants;1;10;Instinctive;Pierre;4;1;Action;15;poignée de graviers, rune de vitesse, posture agressive;le mage lance la poignée de graviers sur une cible située à moins de 30 mètres. Cette attaque occasionne (10 + 1D10 par NR) points de dommages.
peau-dalbatre;Peau d'albâtre;1;10;Instinctive;Pierre;5;1;Action;15;poussière de pierre, rune de pierre, chant du courage;ce sort permet à la personne touchée par le mage de bénéficier d'un Indice de protection supplémentaire de +10 pendant (1 + NR) tours qui s'applique même contre les attaques ignorant les armures.
armure-de-bravoure;Armure de bravoure;2;35;Sorcellerie;Pierre;5;2;Heure;15;armure, rune de pierre tracée sur l'armure, poudre de sable;l'armure enchantée de la sorte n'a plus besoin d'être entretenue. Pendant (1 + NR) semaines, elle régénère chaque nuit l'ensemble des points de protection perdus, et bénéficie d'un bonus à l'Indice de protection de +10 ainsi que d'une réduction de 5 de sa pénalité d'encombrement.
armure-de-brorne;Armure de Brorne;2;30;Sorcellerie;Pierre;20;5;Heure;25;armure en métal de qualité supérieure, nombreuses runes, postures, chants et danses;l'armure enchantée de la sorte bénéficie d'un bonus de +20 à son Indice de protection pendant (1 + NR) semaines, qui s'applique même contre les attaques ignorant les armures. De plus, elle ignore toute pénalité d'encombrement.
barriere-de-granit;Barrière de granit;2;40;Instinctive;Pierre;5;1;Action;15;dalle de granit, mélopée;ce sort permet de créer un mur de 4 m² maximum entre le mage et ses adversaires, qui reste en place pendant (1 + NR) tours avant de disparaître. Pour détruire cette barrière, il faut lui occasionner (50 + 2D10) points de dommages.
gemmes-de-breloque;Gemmes de breloque;2;40;Sorcellerie;Pierre;10;30;Minute;15;gemme, de petits morceaux de verre, sang de Moryagorn;le mage transforme des morceaux de verre en (1 + NR) gemmes, identiques en tout point à la gemme originale.
etendard-de-bravoure;Étendard de bravoure;3;45;Sorcellerie;Pierre;15;10;Heure;20;sang d'un héros, étendard immaculé, rune de courage;une fois cette bannière enchantée, elle devient l'emblème de la compagnie (50 hommes environ) à laquelle elle appartient. Tant qu'elle est tenue haute sur le champ de bataille, toute personne partageant ses couleurs et son idéal dispose d'un bonus de +5 à ses jets de toucher et de dommages ainsi qu'à son Indice de protection. En revanche, si elle est capturée par l'ennemi, le bonus devient un malus d'égale valeur. Si l'ennemi la détruit mais qu'elle ne tombe pas entre ses mains, les bonus disparaissent. Cet enchantement dure pendant (1 + NR) heures.
montagne-de-nulle-part;Montagne de nulle part;3;45;Invocatoire;Pierre;25;30;Minute;25;petit caillou pointu;ce sort crée un monticule de 30 m³ qui jaillit du sol. Ce monticule, qui persiste pendant (1 + NR) tours, peut boucher des trous ou éventrer des fortifications.
tornade-de-pierres;Tornade de pierres;3;75;Invocatoire;Pierre;20;4;Tour;25;poignée de minéraux, danse de la guerre;ce sort destructeur provoque une tornade de sable et de pierre de plus 50 m³. Toutes les personnes prises dans la tourmente subissent (30 + 1D10) points de dommages tous les tours pendant (1 + NR) tours. Les créatures en vol cochent le double des cases prévues par les dommages qu'ils subissent. De plus, l'ensemble des victimes sont aveuglées, et subissent un malus de -5 à toutes leurs actions.
tremblement-de-terre;Tremblement de terre;3;75;Instinctive;Pierre;30;5;Action;25;profonde réflexion, trois types de pierres différentes;le mage déchaîne la colère de Brorne sur 1 km² pendant (1 + NR) tours. Toutes les constructions dans l'aire d'effet s'effondrent. Des crevasses apparaissent et les infortunés y tombant subissent (30 + 1D10) points de dommages. Dans une région volcanique, une éruption est à craindre.
arc-en-ciel-des-passions;Arc-en-ciel des passions;1;15;Instinctive;Rêves;3;1;Action;15;larme de femme, rune des rêves;ce sort permet au mage de provoquer un grand émoi chez (1 + NR) cibles qu'il fixe. Ces dernières sont forcées de révéler leurs sentiments de manière claire et publique à moins qu'elles ne réussissent un jet de résistance de Social + Volonté contre une Difficulté de 20.
blocage-mental;Blocage mental;1;15;Instinctive;Rêves;3;1;Action;15;voix aiguë puis grave;une cible située à une portée maximale de (10 + 10 par NR) mètres, interrompt toutes ses actions jusqu'à la fin du tour. L'activité entreprise est un échec sauf si la cible réussit un jet de résistance de Social + Volonté contre une Difficulté de 20.
bouclier-mystique;Bouclier mystique;1;20;Invocatoire;Rêves;4;2;Tour;15;miroir brisé, rune du rêve;ce sort augmente la Difficulté de tous les sorts dont le mage est la cible, y compris les siens, de +10 pendant (1 + NR) heures.
deviation-subtile;Déviation subtile;1;15;Instinctive;Rêves;5;3;Action;20;voix chaude, rune des rêves;ce sort permet au mage, une fois par tour pendant (1 + NR) tours, de contraindre une cible de son choix située à moins de 50 mètres, à rediriger une attaque ou un sort vers une autre cible. Le mage peut choisir l'attaque ou le sort à détourner une fois le jet de dés effectué. La seule façon pour sa victime de se prémunir contre les effets de "Déviation subtile" est de réussir un jet de Physique + Volonté contre une Difficulté de 20.
flots-deerie;Flots d'Eerie;1;20;Invocatoire;Rêves;5;5;Tour;15;voix, danse d'Eerie, rune;ce sort invoque de petites créatures immatérielles et spectrales difficiles à fixer. Elles donnent une information vague avec (1 + NR) éléments de précision. Elles ont tendance à parler par comptine ou par chant.
grelots-tintants;Grelots tintants;1;10;Sorcellerie;Rêves;5;1;Heure;15;trois gros grelots, rune de confiance;le mage enchante des grelots pendant (1 + NR) jours qui détectent le danger et l'avertissent par un tintement au timbre particulier.
heaume-dauras;Heaume d'auras;1;15;Sorcellerie;Rêves;5;1;Heure;20;heaume, rune de rêve, coiffure hirsute;ce sort permet à la personne qui porte le heaume enchanté par le mage de percevoir les auras de (2 + NR) personnes à la fois. La couleur des auras permet de déterminer l'état d'esprit de ces personnes. L'enchantement dure une semaine.
poudre-de-reve;Poudre de rêve;1;10;Sorcellerie;Rêves;4;3;Heure;15;rune du sommeil, farine, voix fluette;ce sort crée une dose de poudre qui, une fois ingérée, permet au mage de bénéficier d'un bonus de +5 au lancement d'un sort, une fois par jour. Cette poudre est efficace pendant (1 + NR) semaines. Cependant elle a un effet d'accoutumance à moins de réussir un jet de résistance de Physique + Volonté contre une Difficulté de 20 à chaque ingestion. En cas d'échec, l'accoutumance oblige le mage à consommer cette poudre une fois par jour. Si elle n'est pas consommée, le mage dort toujours mal et ne regagne que la moitié de sa Réserve de magie.
puits-de-chance;Puits de chance;1;5;Instinctive;Rêves;1;1;Action;15;rune de la fortune;le mage récupère immédiatement (2 + NR) Points de Chance déjà dépensés. Il ne peut en aucun cas dépasser la valeur de son Attribut Chance de cette façon. Lancer efficacement ce sort ne rapporte aucun Point de Maîtrise.
resistance-magique;Résistance magique;1;10;Instinctive;Rêves;5;1;Action;15;geste cabalistique, rune de la magie;le mage distord la trame magique autour d'une cible de son choix située à moins de (5 + 5 par NR) mètres. Le coût de tous les sorts lancés par la victime ou sur elle est augmenté de 2 pendant 3 tours.
sceau-de-maladresse;Sceau de maladresse;1;10;Invocatoire;Rêves;4;1;Tour;15;bouteille cassée, papier déchiré;cette malédiction rend maladroite une personne située à moins de dix mètres, pendant (1 + NR) tours. La victime subit un malus de -2 sur tous ses jets. Le meneur de jeu est libre d'improviser des effets variés en cas d'échec critique sur une action.
somme-du-bienheureux;Somme du bienheureux;1;5;Invocatoire;Rêves;2;1;Tour;15;voix somnolente, rune du sommeil, gestuelle des mains;ce sort endort une personne (ou une créature de taille humaine) située à moins de 10 mètres, à moins qu'elle ne réussisse un jet de résistance de Mental + Résistance contre une Difficulté de 15. La victime dort pendant (1 + NR) tours si on ne la secoue pas violemment.
anneau-de-sort;Anneau de sort;2;30;Sorcellerie;Rêves;6;5;Heure;18;anneau en métal précieux, rune de la magie gravée;ce sort permet d'enfermer les effets d'un sort de Magie instinctive dans un anneau. Le mage doit lancer le sort à emmagasiner 5 tours après cet enchantement et le sort ne doit pas avoir un coût en Points de Magie supérieur à 10. Pour déclencher les effets contenus, le porteur doit prononcer le mot de pouvoir choisi par le mage. Le porteur ne peut posséder qu'un seul "Anneau de sort" à la fois. Ce dernier reste enchanté (1 + NR) semaines et n'est utilisable qu'une seule fois avant sa désintégration.
benediction-etheree;Bénédiction éthérée;2;30;Instinctive;Rêves;10;3;Action;20;rune de chance, posture tourbillonnante, voix exaltée;ce sort influe sur toutes les actions entreprises par le mage ou une cible de son choix pendant (5 + NR) tours. Le sujet bénéficie d'un bonus de +5 à ses jets d'attaque et d'un bonus de +10 aux dommages de base d'une arme qu'il portait à la main au moment du lancement de ce sort. De plus, le coût des sorts qu'il lance est divisé par deux.
dechirure-etheree;Déchirure éthérée;2;25;Invocatoire;Rêves;8;2;Action;18;voix douce, rune du rêve, gestuelle berçante;ce sort ouvre une porte sur un lieu de manière aléatoire (multitude de lieux possibles) pendant (1 + NR) tours. Cette destination peut être dangereuse. Utilisé en combat, ce sort permet aussi de se débarrasser d'un adversaire qui charge durant le laps de temps où la faille est ouverte. Cependant, il est possible pour l'adversaire d'effectuer un jet d'esquive pour ne pas s'y engouffrer, mais avec une Difficulté de +5.
receptacle-de-nenya;Réceptacle de Nenya;2;40;Sorcellerie;Rêves;10;8;Heure;20;bâton, rune de rêve, gestuelle de remplissage;le bâton enchanté par ce sort dispose d'une Réserve de magie de 15 points que le mage peut utiliser à sa guise pour lancer ses sorts. L'enchantement dure (1 + NR) semaines et ne peut être utilisé qu'une seule fois sur un même bâton. Cette Réserve ne se régénère pas avec le temps et ne peut en aucun cas être reconstituée. Une fois la durée du sort écoulée, le bâton se désagrège en un nuage de poussières argentées qui se dissipe rapidement.
ailes-de-plumes-blanches;Ailes de plumes blanches;1;20;Invocatoire;Vents;10;5;Tour;20;rune, danse du vent, prière à Szyl;ce sort crée pendant (10 + 10 par NR) minutes des ailes qui se déploient dans le dos du mage. Il peut alors s'envoler et se déplacer à la vitesse d'une course moyenne. Toutefois, il ne peut exécuter que des figures simples et en aucun cas recourir à la magie en vol. Ces ailes encaissent les dommages comme n'importe quelle autre partie du corps du mage. D'une envergure de trois mètres, elles ne sont pas aisées à dissimuler et ne permettent pas le port d'une armure normale.
envol-soudain;Envol soudain;1;10;Instinctive;Vents;5;1;Action;15;rune de vitesse, saut à pieds joints;pendant 3 tours, ce sort permet au mage de faire des bonds impressionnants de (5 + NR) mètres dans n'importe quelle direction et d'atterrir sans dommages.
file-vent;File vent;1;20;Instinctive;Vents;5;1;Action;15;rune de vitesse, mouvements très vifs et saccadés;ce sort augmente la vivacité du mage pendant (1 + NR) tours. Cette vitesse hors du commun réduit de 5 la Difficulté de ses jets d'esquive et augmente de 10 la Difficulté des attaques de ses adversaires.
fleches-de-sang;Flèches de sang;1;15;Sorcellerie;Vents;5;1;Heure;15;flèches simples, runes, plumes pour l'empennage;ce sort enchante vingt flèches pendant (1 + NR) jours et leur donne un bonus de +5 aux dommages de base.
gants-de-legerete;Gants de légèreté;1;20;Sorcellerie;Vents;5;1;Heure;15;paire de gants, rune de l'air, voix chaude, sentiment de joie;ce sort permet au porteur des gants enchantés de bénéficier d'une adhérence semblable à celle des pattes d'une mouche. Ils permettent de rester stationnaire contre une paroi ou un plafond sans aucun jet. De plus ces gants réduisent la Difficulté des jets d'Escalade de 10. Cet enchantement dure (1 + NR) heures.
hache-virevoltante;Hache virevoltante;1;10;Sorcellerie;Vents;3;30;Minute;15;arme de jet, rune du vent;ce sort permet d'enchanter une arme de jet pendant (1 + NR) heures. Une fois lancée, elle reviendra dans la main de son lanceur si elle ne s'est pas plantée.
mouvement-invisible;Mouvement invisible;1;15;Instinctive;Vents;2;1;Action;15;rune de l'air, mouvement brutal de l'index;le mage produit un mouvement d'air sur un objet situé à moins de (2 + NR) mètres. Il peut par exemple faire tomber un objet, lever un loquet ou toute autre action qui ne demande qu'un seul geste. La puissance de la poussée est égale à la Force du mage.
mur-dair;Mur d'air;1;10;Invocatoire;Vents;5;1;Tour;15;rune, mouvement de main;le mage crée un mur d'air devant lui de (5 + 2 par NR) m² pendant 3 tours. Tous les projectiles qui traversent ce mur voient leurs dommages divisés par 3.
nuage-avise;Nuage avisé;1;20;Instinctive;Vents;5;3;Action;15;rune de l'air, voix, danse de la légèreté;ce sort crée un coussin d'air de taille variable qui se positionne de façon à amortir la chute de (1 + NR) personnes choisies par le mage. Quelle que soit la hauteur de la chute, elles ne subissent aucun dommage. Ce sort dure 1 tour.
plateau-ascensionnel;Plateau ascensionnel;1;10;Sorcellerie;Vents;5;1;Heure;15;plateau, rune, chant vibrant;le mage enchante un plateau composé d'une matière au choix du lanceur de ce sort, qui peut supporter un poids de (200 + 100 par NR) kilos pendant un jour. Le plateau se déplace uniquement à la verticale. Les mages des vents utilisent ce sort pour atteindre certaines écoles de magie et y acheminer leur matériel.
route-des-vents;Route des vents;1;5;Invocatoire;Vents;3;4;Tour;15;posture d'écoute, rune de la connaissance tracée dans l'air, danse du vent;en invoquant la connaissance de Szyl, le mage se voit attribuer un bonus de +5 à tous ses jets d'Orientation en milieu naturel pendant (1 + NR) jours.
brise-amicale;Brise amicale;2;30;Invocatoire;Vents;10;3;Tour;20;voix, plume de cygne, gestuelle aérienne;ce sort permet d'augmenter la force du vent d'un degré (de vent léger à vent modéré) afin de faire avancer un voilier d'une capacité de fret de 10 m³ pendant (1 + NR) heures. La capacité de fret mise en œuvre peut être multipliée par 2, 3 ou plus, mais la durée d'effet du sort est inversement réduite.
foudre-de-szyl;Foudre de Szyl;2;30;Invocatoire;Vents;5;3;Tour;15;rune, voix (hurlement);le mage ouvre un portail sur un orage pendant (1 + NR) tours. À chaque tour, la foudre frappe une cible choisie par le mage qui subit 20 + 1D10 points de dommages. Les armures en métal n'offrent aucune protection contre la foudre, et les autres voient leur Indice de protection réduit de moitié.
piege-des-brises;Piège des brises;2;35;Sorcellerie;Vents;5;1;Heure;15;ficelle, rune de l'air;ce sort protège une zone de (10 + 5 par NR) m² délimitée par une ficelle pendant un jour. Toute personne tentant d'y pénétrer pour la première fois est immédiatement projetée à 2 mètres et subit 15 points de dommages. Si la ficelle est retirée, le sort prend prématurément fin.
tornade;Tornade;3;95;Instinctive;Vents;30;5;Action;25;rune, danse aérienne, voix coléreuse;le mage crée une tornade autour de lui qui a la capacité d'emporter objets, personnes et animaux d'un poids inférieur à 500 kilos. Elle occasionne à ses victimes 70 points de dommages par tour du fait des objets volant en tous sens. Pour leur échapper, il faut effectuer à chaque tour un jet d'Athlétisme ou d'Acrobatie contre une Difficulté de 25. La tornade, qui peut facilement dévaster un village entier, dure (1 + NR) tours.
chant-de-livrogne;Chant de l'ivrogne;1;10;Sorcellerie;Ombre;4;30;Minute;15;une boisson, poudre d'os, chant à boire;le mage rend une boisson qu'il touche particulièrement enivrante. Celui qui en boit devient complètement ivre en quelques tours. Les victimes peuvent éviter l'ivresse en effectuant un jet de Mental + Résistance contre une Difficulté de 15. La boisson est enchantée pour (30 + 10 par NR) minutes.
danse-du-mouchoir;Danse du mouchoir;1;10;Instinctive;Ombre;3;1;Action;15;rune de l'ombre, mouchoir;ce sort permet d'enrhumer un individu que le mage désigne pendant (1 + NR) tours. La victime est alors prise d'une violente crise de toux et d'éternuements incontrôlables. La victime voit la Difficulté de toutes ses actions augmenter de 5.
dialogue-mortuaire;Dialogue mortuaire;1;10;Sorcellerie;Ombre;1;30;Minute;15;une langue, caillou blanc;en plaçant la langue et le caillou dans la bouche d'une personne morte depuis moins de 24 heures, le mage peut poser (1 + NR) questions à la victime. Celle-ci répond par "oui", "non" ou "je ne sais pas", sans mentir. Ce sort ne peut être jeté qu'une seule fois sur un mort dont la bouche se fermera ensuite définitivement.
frisson-de-la-nuit;Frisson de la nuit;1;15;Instinctive;Ombre;4;1;Action;15;rune de l'ombre, cris;ce sort permet d'effrayer pendant (1 + NR) tours une cible unique à une portée de trois fois la valeur de sa Compétence Sphère de l'Ombre en mètres. Une cible effrayée voit la Difficulté de toutes ses actions augmenter de 10, en cas d'échec d'un jet de Social + Volonté contre une Difficulté de 15.
memoire-oublieuse;Mémoire oublieuse;1;20;Instinctive;Ombre;3;1;Action;18;rune de l'ombre, murmure;ce sort permet au mage de faire oublier (1 + NR) informations précises (son nom, le but de sa mission ou encore ce qu'il vient de voir) à une cible. La mémoire lui revient comme si de rien n'était au bout de (1 + NR) jours.
mur-dombre;Mur d'ombre;1;10;Invocatoire;Ombre;5;1;Tour;15;un voile noir, rune de l'ombre;un mur d'ombre apparaît devant le lanceur à une distance maximum de 10 mètres. Il est opaque et ne permet pas de voir ce qui se trouve de l'autre côté. Il est fixe et d'une surface de 4 m². Le mur reste en place pendant (3 + 2 par NR) tours.
nuage-nauseabond;Nuage nauséabond;1;15;Invocatoire;Ombre;2;1;Tour;15;un peu d'eau souillée, rune de l'ombre;le mage ouvre une porte vers un marais nauséabond. Il fait venir un nuage de miasmes putrides qui persiste pendant cinq tours. Toutes les personnes prises à l'intérieur de son aire d'effet de (10 + 5 par NR) m² sont indisposées et cherchent à s'en éloigner. Ce sort ne cause aucun dommage. Le nuage se déplace lentement de 10 mètres par tour.
eloge-de-la-folie;Éloge de la folie;2;30;Instinctive;Ombre;12;5;Action;25;danse de la folie, rune de l'ombre, cris terrifiants;la personne ciblée perd tout contrôle de ses actes pendant (10 + 2 par NR) tours. Elle attaque toute personne à sa portée et tente de les tuer. Laissée seule, elle se recroqueville sur elle-même en sanglotant, incapable d'avoir un comportement sensé. De plus, elle doit réussir un jet de résistance de Physique + Volonté contre une Difficulté de 15 pour ne pas tenter de mettre fin à ses jours. Si elle survit au sort, elle gagne définitivement un point de Volonté et devient immunisée à ce sort.
globe-tenebreux;Globe ténébreux;2;25;Invocatoire;Ombre;3;1;Tour;15;bille noire, rune de l'ombre;ce sort permet de plonger une source de lumière à moins de 10 mètres dans l'obscurité la plus complète. Il peut s'agir d'une torche ou d'un lustre. Un globe de ténèbres entoure l'objet et reste fixé autour de la cible pendant (2 + NR) tours même s'il se déplace. Ce sort ne peut pas être lancé sur un individu.
guerriers-fantomes;Guerriers fantômes;2;25;Invocatoire;Ombre;5;1;Tour;15;plume noire, mèche de cheveux blancs;ce sort ouvre un portail vers le Royaume de l'Ombre à moins de 30 mètres du mage. Une nuée de petites créatures de cauchemar en sort. Elles viennent assaillir, dans un rayon de 10 mètres, (2 + NR) cibles sur ordre du mage. Elles n'infligent aucun dommage réel mais effraient tellement les victimes qu'elles ne peuvent effectuer aucune action pendant un tour à moins de réussir un jet de résistance contre la peur de Social + Volonté contre une Difficulté de 20.
pacte-de-kalimsshar;Pacte de Kalimsshar;2;35;Sorcellerie;Ombre;9;2;Heure;20;une victime à sacrifier ayant une Caractéristique plus haute que celle du lanceur, dague en os;en sacrifiant une victime humaine selon un rituel bien précis, le mage remplace pendant (1 + NR) semaines une de ses Caractéristiques au choix par celle de sa victime.
pointe-suintante;Pointe suintante;2;25;Sorcellerie;Ombre;6;30;Minute;15;un projectile, un peu d'alcool, rune de mort tracée sur l'arme de jet;le mage enchante une arme de jet et lui donne un bonus de 2D10 sur ses dommages de base pendant (1 + NR) jours.
echange-de-la-vie;Échange de la vie;3;130;Sorcellerie;Ombre;30;12;Heure;25;une victime à sacrifier, le corps de la personne à ramener d'entre les morts, tatouage de la vie et de la mort sur tout le corps;en sacrifiant une victime humaine, le mage lui arrache son principe de vie puis l'insuffle à la personne qu'il veut ressusciter. L'individu ainsi ressuscité revient en parfaite santé avec tous ses souvenirs, ses Caractéristiques, ses Attributs et ses Compétences qu'il avait au moment de sa mort. Son corps, qui pouvait être en état de décomposition avancée, se recompose. L'espérance de vie du miraculé n'est que de (1 + NR) ans, date à laquelle il meurt irrémédiablement sans aucune chance d'être à nouveau relevé d'entre les morts.
tourbillon-des-abysses;Tourbillon des abysses;3;55;Invocatoire;Ombre;15;10;Action;25;diamant noir, un litre de sang;le mage ouvre un portail sur les entrailles du Royaume de l'Ombre. Il en jaillit une tornade noire qui dévaste tout sur son passage pendant (1 + NR) tours. Contrôlée par le lanceur, elle se déplace à une vitesse 50 mètres par tour et a un volume d'effet de 20 m³. Sa Force est égale à deux fois la valeur de la Compétence sphère de l'Ombre du mage. La tornade inflige (Force + 2D10) points de dommage par tour à toutes les personnes se trouvant sur son passage. Une fois lancée dans la direction choisie par le lanceur du sort, cette tornade destructrice ne peut plus être redirigée de quelque manière que ce soit.