id;type;nom;rarete;cout;description;effetJeu;precision;evolutif;rulebook
anomalie;Désavantage;Anomalie;Commun;2;Le personnage est affligé d'une tare de naissance. Il peut s'agir d'une anomalie physique (albinos, main atrophiée, yeux dépareillés, tache de naissance disgracieuse, etc.), d'un défaut de prononciation, etc. Ce Désavantage augmente de 3 la Difficulté de toutes les actions sociales avec des inconnus et des tentatives de séduction.;Difficulté augmentée de 3 sur toutes les actions sociales avec des inconnus et sur les tentatives de séduction.;Nature de l'anomalie;;livre-de-regles-2e-edition
complexe-d-inferiorite;Désavantage;Complexe d'infériorité;Commun;3;Désabusé, le personnage ne croit plus guère en ses capacités. Face à une situation particulièrement délicate, il se sentira irrémédiablement faible et incompétent. Ce Désavantage fonctionne de deux manières. Tout d'abord, il reçoit une Difficulté supplémentaire de 5 à tous les jets qu'il tentera au cours d'une situation de crise (empêcher un compagnon de tomber au fond d'un gouffre, atteindre d'une flèche un ennemi sur le point de tuer un compagnon, etc.). Ensuite, le meneur de jeu peut décider que le personnage est tout simplement incapable d'accomplir une action capitale. Dans ce cas, le personnage gagne automatiquement deux Points d'Expérience et voit ses Points de Chance remonter à leur niveau maximum (bien qu'il soit impossible d'utiliser des Points de Chance pour tenter de réussir cette action). Le Complexe d'infériorité peut disparaître si le personnage réussit une action particulièrement importante pour sa survie ou celle de son groupe.;Difficulté augmentée de 5 sur tous les jets tentés au cours d'une situation de crise. Le meneur de jeu peut aussi déclarer le personnage incapable d'accomplir une action capitale : le personnage gagne alors deux Points d'Expérience et remonte ses Points de Chance au maximum, sans pouvoir en dépenser pour réussir cette action. Le Désavantage peut disparaître si le personnage réussit une action particulièrement importante pour sa survie ou celle de son groupe.;;oui;livre-de-regles-2e-edition
dette;Désavantage;Dette;Commun;1/2;Le personnage est redevable d'une faveur ou d'une somme d'argent à un individu qui l'a aidé par le passé. Les détails de ce service rendu sont laissés à la discrétion du joueur et du meneur de jeu. Pour 1 point, la dette concerne une petite somme ou une faveur minime. Pour deux points, il peut s'agir soit d'une dette importante (forte somme ou faveur conséquente), soit d'une dette dont le destinataire prendra soin de récupérer sans ménager le personnage (par la force ou le chantage, en provoquant un scandale, etc.). Un scénario (ou un chapitre) spécifique devra toujours accompagner le remboursement. Ce Désavantage peut survenir plusieurs fois.;1 point : petite somme ou faveur minime. 2 points : dette importante, ou créancier qui la récupérera sans ménager le personnage (force, chantage, scandale). Le remboursement demande toujours un scénario ou un chapitre dédié. Peut être pris plusieurs fois.;Créancier et nature de la dette;oui;livre-de-regles-2e-edition
echec;Désavantage;Échec;Commun;3;Le poids d'une expérience douloureuse pèse cruellement sur les épaules du personnage. Par le passé, il a lamentablement raté une action qu'il jugeait capitale et cet échec ne cesse de le tourmenter. C'est au joueur de définir le type d'action qui a provoqué ce sentiment d'échec : combat singulier, rituel magique, discussion importante, etc. Chaque fois qu'il sera confronté à une situation similaire, le personnage se sentira tellement incapable que la Difficulté de tous ses jets en rapport sera augmentée de 5.;Difficulté augmentée de 5 sur tous les jets liés au type d'action défini par le joueur, chaque fois qu'une situation similaire se présente.;Type d'action ratée;oui;livre-de-regles-2e-edition
emotif;Désavantage;Émotif;Commun;3;Certains êtres humains ont une sensibilité tellement développée qu'ils supportent mal les situations de conflit, les visions d'horreur et les périodes de pression intenses. Confronté à une telle situation, le personnage perd son sang-froid et voit la Difficulté de tous ses jets de Volonté augmenter de 5. Les jets d'Intimidation, de Commandement et d'autres actions liées à l'Influence reçoivent un bonus de 2 lorsqu'ils sont employés sur ce personnage.;En situation de conflit, d'horreur ou de forte pression : Difficulté augmentée de 5 sur tous les jets de Volonté, et bonus de 2 aux jets d'Intimidation, de Commandement et d'Influence employés sur le personnage.;;oui;livre-de-regles-2e-edition
ennemi;Désavantage;Ennemi;Commun;3;Ce Désavantage impose un ennemi juré au personnage, un ennemi qui ne manquera aucune occasion de lui nuire. L'ennemi est un plus qu'un simple personnage dont on pourrait se débarrasser d'un coup d'épée. L'ennemi peut aussi être une rumeur circulant au sein de la caste du personnage, une rancune que lui voue un groupe ou un avis défavorable qui l'empêchera de progresser dans la voie qu'il a choisie. Ce Désavantage peut disparaître si le personnage réussit à tuer son ou ses ennemis, mais aussi s'il parvient à prouver sa valeur, à dissiper les rumeurs dont il fait l'objet. Ce Désavantage peut survenir plusieurs fois.;L'ennemi nuit au personnage à chaque occasion. Ce peut être une personne, mais aussi une rumeur dans sa caste, la rancune d'un groupe ou un avis défavorable qui bloque sa progression. Disparaît si le personnage tue son ennemi, prouve sa valeur ou dissipe les rumeurs. Peut être pris plusieurs fois.;Nature de l'ennemi;oui;livre-de-regles-2e-edition
faiblesse;Désavantage;Faiblesse;Commun;2;Le personnage est incapable de résister à l'appel d'un phénomène particulier - qu'il s'agisse des charmes d'une jolie femme, d'un défi à relever, de dangers à braver, etc. Chaque fois que le personnage se trouvera confronté à la situation définie par le joueur, il cédera immanquablement à son penchant. Il pourra s'y soustraire par un jet de Mental + Volonté contre une Difficulté de 20 (ou de 15, si le meneur de jeu estime que l'action est particulièrement dangereuse).;Le personnage cède au penchant défini par le joueur. Il y résiste par un jet de Mental + Volonté contre une Difficulté de 20, ramenée à 15 si le meneur de jeu estime l'action particulièrement dangereuse.;Objet de la faiblesse;oui;livre-de-regles-2e-edition
fragilite;Désavantage;Fragilité;Commun;2;La santé du personnage est mauvaise, tout comme sa faculté de rétablissement, sa résistance aux poisons et son système immunitaire. Tous ses jets de résistance aux agressions extérieures (maladies, poisons, alcool, etc.) voient leur Difficulté augmenter de 5.;Difficulté augmentée de 5 sur tous les jets de résistance aux agressions extérieures (maladies, poisons, alcool, etc.).;;;livre-de-regles-2e-edition
interdit;Désavantage;Interdit;Commun;3;Le personnage a décidé de moduler sa philosophie en prenant en compte un Interdit d'une autre caste. Il peut s'agir d'une promesse faite à un maître ou un ami, d'une conviction personnelle, d'une crise passagère de croyance. Le joueur doit veiller à choisir un Interdit qui ne soit pas trop proche de l'Interdit de son personnage. Ce Désavantage peut survenir plusieurs fois.;Le personnage respecte en plus un Interdit d'une autre caste, à choisir assez loin de celui de sa propre caste. Peut être pris plusieurs fois.;Interdit choisi;;livre-de-regles-2e-edition
maladie;Désavantage;Maladie;Commun;1/3/5;Le personnage a contracté par le passé une maladie chronique. Elle peut survenir par crise et se soigne difficilement. Les crises surviennent tous les 1D10 jours (le meneur de jeu tiendra le compte en secret). À 1 point, la maladie est bénigne (allergie, urticaire, etc.) et entraîne un malus de -1 pour la demi-journée. À 3 points, la maladie est sérieuse et gênante (migraines, vertiges, ulcère, etc.). Elle entraîne un malus de -3 pour 1D10 heures. À 5 points, la maladie est sévère et handicapante (malaria, maladie du sommeil, etc.). Elle entraîne un malus de -5 pour 1D10 heures. Ce Désavantage peut survenir plusieurs fois.;Crises tous les 1D10 jours, comptés en secret par le meneur de jeu. 1 point : maladie bénigne, malus de -1 pour la demi-journée. 3 points : maladie sérieuse et gênante, malus de -3 pour 1D10 heures. 5 points : maladie sévère et handicapante, malus de -5 pour 1D10 heures. Peut être pris plusieurs fois.;Nature de la maladie;oui;livre-de-regles-2e-edition
malchance;Désavantage;Malchance;Commun;3;Avec ce Désavantage, le personnage s'expose à deux types d'inconvénients. Tout d'abord, il ne regagne qu'un seul Point de Chance (au lieu de 2) lors d'un échec critique. Ensuite, comme la Malchance se manifeste toujours quand la situation est délicate, le meneur de jeu peut, deux fois par partie, demander au joueur de relancer les dés d'une action réussie. Si ce second jet est raté, le personnage ne regagne bien évidemment aucun Point de Chance.;Le personnage ne regagne qu'un seul Point de Chance au lieu de 2 sur un échec critique. Deux fois par partie, le meneur de jeu peut lui faire relancer les dés d'une action réussie. Si ce second jet est raté, aucun Point de Chance n'est regagné.;;;livre-de-regles-2e-edition
manie;Désavantage;Manie;Commun;1;Kleptomanie, grossièreté, collections étranges, les manies peuvent être de plusieurs natures, mais il faut forcément qu'il s'agisse d'un travers qui provoquera des réactions négatives. Ce Désavantage peut survenir plusieurs fois.;Un travers qui provoque forcément des réactions négatives autour du personnage. Peut être pris plusieurs fois.;Nature de la manie;oui;livre-de-regles-2e-edition
obsession;Désavantage;Obsession;Commun;2;Tout le monde a un but, un idéal qu'il entend réaliser par tous les moyens. Avec ce Désavantage, le personnage est obsédé par un objectif qu'il fera passer avant son devoir, ses compagnons et peut-être même sa survie. Il peut s'agir d'une simple soif de pouvoir comme d'une longue quête religieuse, d'une envie de découverte, d'une vengeance, etc. Ce Désavantage peut survenir plusieurs fois.;Le personnage fait passer son objectif avant son devoir, ses compagnons et peut-être même sa survie. Peut être pris plusieurs fois.;Objet de l'obsession;oui;livre-de-regles-2e-edition
phobie;Désavantage;Phobie;Commun;1/3/5;Le personnage a peur de quelque chose. Selon les cas, cela peut aller de la simple peur à la panique totale. Pour 1 point, cela peut être une peur liée à un mauvais souvenir ou une gêne passagère (vertige, claustrophobie, etc.). Le personnage subit un malus de -1 à toutes ses actions tant qu'il reste en présence du catalyseur. Pour 3 points, cette peur peut être liée à un environnement particulier (nuit, forêt, etc.) ou à des situations déjà subies par le passé (obscurité, foules, insectes, etc.). Le personnage subit un malus de -3 à toutes ses actions en présence du catalyseur et de -1 pendant une heure après l'avoir quitté. Pour 5 points, cette peur est liée à un traumatisme violent ou une vision récurrente (dragons, magie, etc.). Le personnage subit un malus de -5 à toutes ses actions en présence du catalyseur et de -3 durant une heure après l'avoir quitté du fait de sa panique. Ce Désavantage ne se surmonte que progressivement. Le personnage retombe au stade inférieur à chaque dépense et ne s'en débarrassera qu'en surmontant le stade à 1.;1 point : malus de -1 tant que le personnage reste en présence du catalyseur. 3 points : malus de -3 en présence du catalyseur, et de -1 pendant une heure après l'avoir quitté. 5 points : malus de -5 en présence du catalyseur, et de -3 pendant une heure après. Ne se surmonte que progressivement, un stade à la fois.;Objet de la phobie;oui;livre-de-regles-2e-edition
serment;Désavantage;Serment;Commun;2;Le personnage a juré un jour d'effectuer une action particulière encore non réglée à ce jour. Il fera tout pour honorer sa parole. Il cherchera à honorer son serment au plus vite sans sombrer dans la précipitation aveugle. Le serment est au choix du joueur (avec l'accord du meneur de jeu). Ce Désavantage peut survenir plusieurs fois.;Le personnage fera tout pour honorer sa parole, au plus vite mais sans précipitation aveugle. Le serment est choisi par le joueur avec l'accord du meneur de jeu. Peut être pris plusieurs fois.;Serment juré;oui;livre-de-regles-2e-edition
amnesie;Désavantage;Amnésie;Rare;3;Sans perdre totalement la mémoire, le personnage oublie fréquemment des détails et des passages de sa vie. La raison peut en être variable (âge, coup à la tête, choc émotionnel, etc.). Chaque fois qu'il tente de se souvenir d'un nom, d'un visage, d'une phrase, ou de tout autre détail récent, le joueur doit réussir un jet de Mental + Intelligence contre une Difficulté de 15 (pour des détails mineurs ou très récents) ou de 20 (pour des éléments importants ou un peu plus anciens). Si un joueur dont le personnage est amnésique demande au meneur de jeu de lui répéter une information, ce dernier peut également utiliser ce Désavantage pour déclarer qu'il a oublié.;Pour se souvenir d'un nom, d'un visage, d'une phrase ou de tout autre détail : jet de Mental + Intelligence contre une Difficulté de 15 sur un détail mineur ou très récent, de 20 sur un élément important ou plus ancien. Le meneur de jeu peut aussi refuser de répéter une information au nom de ce Désavantage.;Cause de l'amnésie;oui;livre-de-regles-2e-edition
appel-de-la-bete;Désavantage;Appel de la bête;Rare;5;Le personnage est tourmenté par des pulsions brutales (suite à des insultes, le dépit, l'échec, la frustration, etc.) qui le poussent régulièrement à commettre des actes incontrôlables, tels que brutaliser un compagnon maladroit ou s'acharner sur l'objet de son irritation. De plus, chaque fois que le personnage est confronté à une situation susceptible de réveiller ses pulsions, il subit un accès de colère. La crise ne prend fin qu'une fois l'infortunée victime inerte (immobilisée ou inconsciente). Dans cet état, le joueur est obligé de lancer les trois dés des Tendances, il conserve celui dont le résultat est le plus élevé (au risque de gagner des Points de Tendance indésirables) et double les cercles ainsi obtenus. Le joueur peut tenter un jet de Mental + Volonté contre une Difficulté de 20 pour refréner sa rage.;Face à une situation qui réveille ses pulsions, le personnage subit un accès de colère qui ne prend fin qu'une fois sa victime inerte. Pendant la crise, le joueur lance les trois dés des Tendances, garde le plus élevé — au risque de gagner des Points de Tendance indésirables — et double les cercles obtenus. Un jet de Mental + Volonté contre une Difficulté de 20 permet de refréner la rage.;;oui;livre-de-regles-2e-edition
blessure;Désavantage;Blessure;Rare;5;Suite à une bataille, le personnage a subi une blessure qui ne s'est jamais vraiment refermée. Quelles que soient ses valeurs de Résistance et de Volonté, le personnage perd définitivement une case d'égratignure et une case de blessure légère. Aucune tentative de soins, même magiques, ne peut rendre ces cercles perdus à ce personnage.;Le personnage perd définitivement une case d'Égratignure et une case de blessure Légère, quelles que soient sa Résistance et sa Volonté. Aucun soin, magique compris, ne les rend.;;;livre-de-regles-2e-edition
incompetence;Désavantage;Incompétence;Rare;5;Il est parfois nécessaire de faire des sacrifices : ce Désavantage représente l'impasse que le personnage a faite sur une catégorie de Compétences (Combat, Mouvement, Théorie, etc.) au choix du joueur. Les Compétences de cette catégorie ne pourront être utilisées qu'avec une Difficulté augmentée de 5, quel que soit le type d'action. De plus, le niveau maximum que peut atteindre le personnage dans les Compétences de cette liste est réduit à 10. Ce Désavantage peut survenir plusieurs fois, mais forcément pour des catégories de Compétences différentes.;Sur toute une catégorie de Compétences choisie par le joueur : Difficulté augmentée de 5 quel que soit le type d'action, et niveau maximum réduit à 10. Peut être pris plusieurs fois, pour des catégories différentes.;Catégorie de compétences;oui;livre-de-regles-2e-edition
dependance;Désavantage;Dépendance;Rare;3;Le personnage a l'habitude de consommer une substance (drogue, alcool) qui provoque de cruelles souffrances en cas de manque. La Difficulté de toutes ses actions est alors augmentée de 3. Le meneur de jeu a toute liberté pour rappeler à l'ordre les joueurs qui « oublieraient » de combler leurs besoins.;En état de manque : Difficulté augmentée de 3 sur toutes les actions.;Substance;oui;livre-de-regles-2e-edition
deviance;Désavantage;Déviance;Rare;3;Le personnage est perturbé par des envies pour le moins douteuses et dérangeantes, telles que des amitiés ambiguës, une avarice prononcée, un goût pour le mensonge pathologique, etc. Il appartient au joueur de décider de la déviance dont souffre son personnage, mais le meneur de jeu est libre de rappeler à l'ordre le joueur qui oublie de gérer son Désavantage.;La déviance est choisie par le joueur. Le meneur de jeu est libre de rappeler à l'ordre celui qui oublie de la jouer.;Nature de la déviance;oui;livre-de-regles-2e-edition
ennemi-rare;Désavantage;Ennemi;Rare;5;Comme décrit précédemment, si ce n'est qu'il peut s'agir ici d'un ennemi irréductible ou d'un ennemi susceptible de freiner la progression du personnage au sein de sa caste ou du Lien draconique. En tant que meneur de jeu, arrangez-vous pour que le personnage puisse un jour ou l'autre découvrir l'origine exacte de ses « petits soucis », de façon à ce que l'ennemi prenne forme et à ce que vous puissiez expliquer ses motivations au personnage. Il n'est pas possible de se débarrasser de l'un d'entre eux, ce dernier ayant toujours un proche, un frère d'arme ou encore un fidèle pour menacer à nouveau le personnage. Ce Désavantage peut survenir plusieurs fois.;Un ennemi irréductible, ou capable de freiner la progression du personnage dans sa caste ou dans le Lien draconique. Contrairement à l'Ennemi commun, on ne s'en débarrasse pas : un proche, un frère d'arme ou un fidèle reprend toujours la menace. Peut être pris plusieurs fois.;Nature de l'ennemi;;livre-de-regles-2e-edition
infirmite;Désavantage;Infirmité;Rare;1/3/5;Le joueur doit définir le type d'infirmité dont souffre son personnage. Pour 1 point, il peut s'agir d'un doigt, d'un ou de quelques orteils, d'un bout de narine, etc. Pour 3 points, il peut s'agir d'un œil, des deux oreilles, d'une main ou d'un pied, etc. Tous les jets impliquant ces membres manquants (Perception, Manipulation) voient leur Difficulté augmentée de 5. Pour 5 points, il peut s'agir des deux yeux, d'une jambe, d'un bras, de la langue, etc. Toutes les Difficultés des jets en rapport sont augmentées de 10. Dans certains cas, le jet est tout simplement impossible.;1 point : un doigt, quelques orteils, un bout de narine — aucun malus chiffré. 3 points : un œil, les deux oreilles, une main ou un pied, avec une Difficulté augmentée de 5 sur tous les jets impliquant le membre manquant. 5 points : les deux yeux, une jambe, un bras, la langue, avec une Difficulté augmentée de 10 sur les jets en rapport, certains devenant tout simplement impossibles.;Type d'infirmité;;livre-de-regles-2e-edition
maladresse;Désavantage;Maladresse;Rare;2;Le personnage est maladroit, tout simplement. Ses jets de Manipulation voient leur Difficulté augmentée de 5. De plus, il lui arrivera très souvent de laisser tomber des objets fragiles, de perdre le contrôle de son arme, de lâcher la corde sur laquelle ses compagnons comptent pour gravir une paroi, etc. Le meneur de jeu peut donc utiliser ce Désavantage pour corser des situations ou interpréter des échecs critiques.;Difficulté augmentée de 5 sur les jets de Manipulation. Le meneur de jeu s'en sert aussi pour corser une situation ou interpréter un échec critique.;;;livre-de-regles-2e-edition
marque-au-fer;Désavantage;Marqué au fer;Rare;3;Le personnage a été considéré comme coupable d'un méfait qui lui a valu d'être marqué au fer rouge. Il est exilé de ce lieu et sera tué s'il y revient. La marque est toujours sur un endroit visible (cou, front, tempes, joue, dos de la main, etc.) et lui vaudra toujours des ennuis, même dans d'autres régions.;Le personnage est exilé du lieu où il a été jugé et y sera tué s'il revient. La marque est sur un endroit visible et lui vaut des ennuis partout ailleurs.;Méfait et emplacement de la marque;oui;livre-de-regles-2e-edition
mauvais-oeil;Désavantage;Mauvais œil;Rare;3;Ce Désavantage transforme le personnage en croquemitaine, en monstre de légende qui fait peur aux enfants et inspire la méfiance. Quelque chose d'indéfinissable en lui provoque un mélange de peur, de suspicion et de dégoût. Tous les jets basés sur le relationnel (Communication et Influence) voient leur Difficulté augmenter de 5. De plus, tous les membres du groupe le considéreront comme quelqu'un de « douteux », à qui il ne faut jamais faire exagérément confiance.;Difficulté augmentée de 5 sur tous les jets relationnels (Communication et Influence). Le groupe lui-même le tient pour quelqu'un de douteux, à qui l'on ne fait jamais exagérément confiance.;;;livre-de-regles-2e-edition
personne-a-charge;Désavantage;Personne à charge;Rare;2;Le personnage est responsable d'une personne dépendante pour qui il a de l'affection (enfant, vieillard, blessé, etc.). Il ne peut s'en défaire aisément et devra veiller sur elle au cours de ses aventures (ou payer des gens pour s'en occuper). Ce Désavantage peut survenir plusieurs fois.;Le personnage doit veiller sur une personne dépendante au cours de ses aventures, ou payer quelqu'un pour s'en occuper. Peut être pris plusieurs fois.;Personne à charge;oui;livre-de-regles-2e-edition
regard-des-dragons;Désavantage;Regard des dragons;Rare;3/5;Depuis que les hommes vivent aux côtés des dragons, le lien qui les unit à leurs créateurs a toujours été à double tranchant. Ce Désavantage place le personnage dans une situation des plus inconfortables, puisqu'un dragon a choisi de le surveiller en permanence pour mieux juger de son comportement. Cette décision peut être prise suite à une action maladroite, une révolte plus ou moins flagrante contre l'autorité d'une cité, un meurtre, etc. La puissance du dragon et la durée de l'observation dépendent du gain en Points d'Avantage choisi. Pour 3 points, le dragon est mineur et la surveillance ne dure que quelques mois. Pour 5 points, le dragon est très puissant et sa surveillance peut durer jusqu'à la mort du personnage, si celui-ci ne prouve pas sa valeur avant ce terme. Les interactions entre le dragon et le personnage sont laissées à l'appréciation du meneur de jeu. Le dragon n'est pas un juge, mais un observateur. Il n'ira pas jusqu'à tuer le personnage, sauf si celui-ci commet une action ouvertement hostile en sa présence, et préférera le manipuler, devenir progressivement son ennemi ou l'exposer à des situations toujours plus dangereuses.;Un dragon surveille le personnage en permanence. 3 points : dragon mineur, surveillance de quelques mois. 5 points : dragon très puissant, surveillance jusqu'à la mort du personnage s'il ne prouve pas sa valeur avant. Le dragon observe plutôt qu'il ne juge : il ne tue que devant une action ouvertement hostile, et préfère manipuler, devenir un ennemi ou exposer le personnage à des situations toujours plus dangereuses.;Motif de la surveillance;oui;livre-de-regles-2e-edition
trouble-mental;Désavantage;Trouble mental;Rare;3;Contrairement à la Déviance, ce Désavantage ne provoque pas de véritable pathologie chez le personnage, mais instaure un déséquilibre constant qui le pousse à douter de lui, à refuser des évidences et à adopter un comportement totalement imprévisible. Le personnage agit de façon incohérente aux yeux de tous, mais il aura toujours une bonne raison à fournir. Ses propos sont mystérieux, embrouillés, et ses actes risquent fort de surprendre ses compagnons au moment où ceux-ci s'y attendront le moins.;Pas une pathologie, mais un déséquilibre constant : le personnage doute de lui, refuse des évidences et agit de façon imprévisible, avec toujours une bonne raison à fournir.;;oui;livre-de-regles-2e-edition
chetif;Désavantage;Chétif;Enfant;1;Le personnage a un petit retard de croissance. La Difficulté de toutes les actions liées à l'Attribut Physique est augmentée de 3.;Difficulté augmentée de 3 sur toutes les actions liées à l'attribut Physique.;;oui;livre-de-regles-2e-edition
curiosite;Désavantage;Curiosité;Enfant;3;L'enfant est irrésistiblement attiré par l'inconnu. Il cherche toujours à découvrir ce qui lui est inconnu, ce qui pourra lui valoir des désagréments réguliers qui pourront entraîner ses compagnons avec lui.;L'enfant va toujours voir ce qu'il ne connaît pas, ce qui lui vaut des désagréments réguliers — et y entraîne ses compagnons.;;oui;livre-de-regles-2e-edition
illusions;Désavantage;Illusions;Enfant;3;L'enfant est convaincu que sa conception du monde est la seule vérité. Ce que certains pourraient qualifier de « confiance » se révèle être un terrible défaut, puisque le personnage refusera systématiquement de croire les explications de ses aînés et, pire encore, ira de son plein gré au-devant de situations parfois mortelles. L'illusion peut être de nature variable : croire que tous les dragons sont pacifiques envers les humains, que le feu ne brûle pas si l'on est brave, qu'aucune flèche ne peut percer une armure bardée de métal, etc.;L'enfant refuse systématiquement les explications de ses aînés et va de son plein gré au-devant de situations parfois mortelles.;Nature de l'illusion;oui;livre-de-regles-2e-edition
insignifiant;Désavantage;Insignifiant;Enfant;1;L'enfant a toutes les peines à se faire entendre des adultes. Son avis est toujours mis de côté lors des discussions. Cela pourra provoquer de sa part des colères ou un mutisme prolongé parfois insupportables.;Les adultes écartent toujours son avis, ce qui lui vaut des colères ou un mutisme prolongé.;;oui;livre-de-regles-2e-edition
lassitude;Désavantage;Lassitude;Enfant;3;L'enfant supporte mal les efforts prolongés où l'ennui l'emporte. Il devient alors assez pénible et irritable. Il pourra même faire des caprices afin de montrer sa désapprobation (ne plus marcher, refuser de dormir, etc.).;Sur un effort prolongé et ennuyeux, l'enfant devient pénible et irritable, jusqu'au caprice — refuser de marcher, refuser de dormir.;;oui;livre-de-regles-2e-edition
mensonges-infantiles;Désavantage;Mensonges infantiles;Enfant;1;L'enfant ne peut s'empêcher de mentir lorsque cela l'arrange. Il ira jusqu'à inventer des excuses invraisemblables ou déformer allègrement la réalité pour attirer l'attention.;L'enfant ment dès que cela l'arrange, jusqu'à inventer des excuses invraisemblables ou déformer la réalité pour attirer l'attention.;;oui;livre-de-regles-2e-edition
echec-rare;Désavantage;Échec;Rare;5;Comme décrit précédemment, si ce n'est que la Difficulté de tous les jets en rapport sera augmentée de 10. Il est possible d'accepter un jet (et un seul) de Mental + Volonté contre une Difficulté de 15 pour réduire cette augmentation à 5.;Difficulté augmentée de 10 sur tous les jets liés au type d'action défini par le joueur. Un jet de Mental + Volonté, et un seul, contre une Difficulté de 15 ramène cette augmentation à 5.;Type d'action ratée;oui;livre-de-regles-2e-edition
naivete;Désavantage;Naïveté;Enfant;2;À l'inverse de la méfiance, la naïveté pousse le personnage à croire aveuglément tout ce qu'on lui dit, quand bien même on lui présenterait un terrible dragon de feu comme une créature bienveillante et protectrice. Tous ses jets pour détecter un éventuel mensonge (avec la Compétence Psychologie, par exemple) voient leur Difficulté augmenter de 5.;Difficulté augmentée de 5 sur tous les jets visant à détecter un mensonge, Psychologie comprise. L'enfant croit aveuglément ce qu'on lui dit.;;oui;livre-de-regles-2e-edition
revolte;Désavantage;Révolte;Enfant;2;L'enfant révolté aura toujours tendance à contester l'autorité établie, qu'elle soit liée aux Dragons ou aux adultes. Son caractère bouillonnant et son refus d'obéir aux ordres risquent de le placer dans des situations délicates.;L'enfant conteste toute autorité, celle des Dragons comme celle des adultes, et refuse d'obéir aux ordres.;;oui;livre-de-regles-2e-edition
transfert;Désavantage;Transfert;Enfant;2;La plupart des enfants et des jeunes sont facilement influençables, mais ce Désavantage est encore plus prononcé, puisqu'il établit un lien étrange entre l'enfant et un de ses compagnons (dans l'intérêt du jeu, mais il peut s'agir de n'importe qui d'autre). Une fois que le meneur de jeu a décidé de la « victime » du transfert, l'enfant se sent irrémédiablement attiré par celle-ci. Il croit reconnaître en lui ou en elle un parent, un proche disparu, un maître, etc. Le transfert risque de créer des rivalités, des conflits, des malentendus et une certaine gêne au sein du groupe.;Le meneur de jeu désigne la « victime » du transfert, souvent un compagnon. L'enfant s'y attache irrémédiablement, croyant y reconnaître un parent, un proche disparu ou un maître, au risque de créer rivalités, conflits et malentendus dans le groupe.;Objet du transfert;oui;livre-de-regles-2e-edition
versatilite;Désavantage;Versatilité;Enfant;3;L'enfant est incapable de fixer longtemps son attention. Il cédera fréquemment à l'attrait de nouvelles activités lorsqu'elles se présenteront. Le personnage ne gagne pas les Points d'Expérience liés à l'« Implication » lors de l'attribution des Points d'Expérience (cf. L'Expérience, page 161).;Le personnage ne gagne pas les Points d'Expérience liés à l'« Implication ».;;oui;livre-de-regles-2e-edition
cardiaque;Désavantage;Cardiaque;Ancien;4;Le personnage a des problèmes de cœur. Son souffle est court et de virulentes douleurs lui serrent parfois la poitrine. Lors d'émotions très violentes (peur intense, joie euphorique, etc.) ou d'efforts physiques (course, combat, etc.) dépassant son score de Résistance en tours, le personnage peut subir une attaque. Il effectue alors un jet de Physique + Résistance contre une Difficulté de 20. En cas d'échec, il coche une case de blessure fatale pour une durée d'une demi-journée. En cas d'échec critique, il coche une case de mort et décède au bout d'un nombre de tours égal à sa Résistance.;Sur une émotion très violente ou un effort physique dépassant la Résistance en tours : jet de Physique + Résistance contre une Difficulté de 20. Échec, une case de blessure Fatale cochée pour une demi-journée. Échec critique, une case de Mort cochée et le personnage décède au bout d'un nombre de tours égal à sa Résistance.;;;livre-de-regles-2e-edition
edente;Désavantage;Édenté;Ancien;2;Le personnage a perdu la majorité de ses dents. Il bafouille et mange ses mots. Il subit un malus de -3 en Communication et ne peut en aucun cas obtenir de Clé parfaite lors du lancement d'un sort utilisant sa voix.;Malus de -3 en Communication. Aucune Clé parfaite possible sur un sort utilisant la voix.;;;livre-de-regles-2e-edition
grincheux;Désavantage;Grincheux;Ancien;2;Le personnage a un caractère des plus désagréables. Il ronchonne et se plaint à longueur de temps. Nul doute que ses compagnons le trouveront vite pénible.;Le personnage ronchonne et se plaint sans cesse, au point de peser sur ses compagnons.;;;livre-de-regles-2e-edition
impotent;Désavantage;Impotent;Ancien;4;Le personnage a de graves difficultés à se mouvoir seul. Il se déplace lentement et la station debout lui est pénible au-delà de quelques heures. Toutes ses actions dépendant de l'Attribut Physique (Combat et Mouvement) voient leurs Difficultés augmentées de 3. Ce Désavantage ne peut être surmonté.;Difficulté augmentée de 3 sur toutes les actions dépendant de l'attribut Physique, Combat et Mouvement compris. Ne peut pas être surmonté.;;;livre-de-regles-2e-edition
malade-imaginaire;Désavantage;Malade imaginaire;Ancien;2;Le personnage est persuadé de souffrir de diverses afflictions irrégulières et parvient à s'en convaincre. Chaque matin, il jette 1D10 sous sa Volonté. Si son jet est supérieur ou égal à sa Caractéristique, il subit un malus de -1 à toutes ses actions pour la journée à cause de tous les désagréments et douleurs dus à sa « maladie ».;Chaque matin, 1D10 sous la Volonté. Un résultat supérieur ou égal à la Caractéristique inflige un malus de -1 à toutes les actions pour la journée.;;;livre-de-regles-2e-edition
nostalgie-obsessionnelle;Désavantage;Nostalgie obsessionnelle;Ancien;2;Le personnage ressasse sans cesse des souvenirs de sa jeunesse. Il sombre fréquemment dans une mélancolie qui pourra peser sur les nerfs de ses cadets.;Le personnage ressasse sa jeunesse et sombre dans une mélancolie qui pèse sur ses cadets.;;;livre-de-regles-2e-edition
rhumatismes;Désavantage;Rhumatismes;Ancien;2;Le personnage souffre de douleurs articulaires et osseuses qui sont déclenchées par l'humidité (marais, caves, pluie, brise matinale, etc.). À ces moments, toutes ses actions dépendant des Attributs Physique et Manuel subissent un malus de -2.;Dans l'humidité — marais, caves, pluie, brise matinale — malus de -2 sur toutes les actions dépendant des attributs Physique et Manuel.;;;livre-de-regles-2e-edition
senile;Désavantage;Sénile;Ancien;4;Le personnage perd la tête. Il mélange ou oublie parfois des pans entiers de son passé ou de son savoir. Toutes ses actions impliquant la mémoire subissent un malus de -3.;Malus de -3 sur toutes les actions impliquant la mémoire.;;;livre-de-regles-2e-edition
surdite;Désavantage;Surdité;Ancien;3;Le vieillard a de graves problèmes auditifs. Il est partiellement sourd et la Difficulté de tous ses jets de Perception auditive est augmentée de 5. Il ne peut guère entendre que ce qu'on lui crie.;Difficulté augmentée de 5 sur tous les jets de Perception auditive. Le personnage n'entend guère que ce qu'on lui crie.;;;livre-de-regles-2e-edition
vue-defaillante;Désavantage;Vue défaillante;Ancien;2;Le vieillard souffre de graves troubles oculaires, dus à son âge et à son état de santé général. La Difficulté de tous ses jets de Perception visuelle est augmentée de 5 et sa vue défaillante rendra pénible la lecture et l'observation prolongées.;Difficulté augmentée de 5 sur tous les jets de Perception visuelle. La lecture et l'observation prolongée sont pénibles.;;;livre-de-regles-2e-edition
agilite;Avantage;Agilité;Général;3;Le personnage est particulièrement agile et bénéficie d'un bonus de 2 à toutes ses actions de mouvement (escalader, se déplacer silencieusement, grimper à une corde, etc.).;Bonus de 2 à toutes les actions de mouvement.;;;livre-de-regles-2e-edition
allie;Avantage;Allié;Général;3/5;L'allié est un individu ou un groupe d'individus qui fera de son mieux pour aider le personnage en cas de besoin. Cette relation est fondée sur le respect et la sympathie, voire l'amitié, et n'obligera donc pas les alliés à se sacrifier ou à accepter des aides qui les exposeraient à de graves dangers. Pour 3 points, il s'agit généralement d'un allié unique, de puissance et de réputation équivalentes à celles du personnage. Pour 5 points, il peut s'agir d'un groupe d'alliés (comme une faction mineure, une guilde, une école de magie, etc.) ou d'un allié beaucoup plus puissant et connu que le personnage (un combattant renommé, un responsable de la milice, un mage respecté, etc.). Le choix de l'allié reste soumis à l'approbation du meneur de jeu. Cet Avantage peut être choisi plusieurs fois.;3 points : un allié unique, de puissance et de réputation équivalentes à celles du personnage. 5 points : un groupe d'alliés — faction mineure, guilde, école de magie — ou un allié bien plus puissant et connu que le personnage. L'allié aide au mieux mais ne se sacrifie pas et n'accepte pas ce qui l'exposerait à de graves dangers. Soumis à l'approbation du meneur de jeu, et peut être pris plusieurs fois.;Nature de l'allié;oui;livre-de-regles-2e-edition
ambidextre;Avantage;Ambidextre;Général;3;Cet Avantage permet au personnage d'utiliser ses deux mains indifféremment. Le fait d'être ambidextre ne permet en aucun cas d'effectuer deux attaques pour un dé d'action. Lors d'un combat à deux armes, il permettra de réduire le malus lié à la mauvaise main.;Le personnage utilise ses deux mains indifféremment : en combat à deux armes, le malus de mauvaise main est réduit. Ne donne en aucun cas deux attaques pour un seul dé d'action.;;;livre-de-regles-2e-edition
arme-du-maitre;Avantage;Arme du maître;Général;2;De nombreux instructeurs remettent à leurs élèves une épée, une masse, qui leur servira d'arme de prédilection. Cette arme est unique aux yeux du personnage, qui la considère comme une relique. Tant que le personnage utilise cette arme, il gagne un bonus de 1 à tous ses jets d'attaque et de parade. S'il vient à la perdre ou bien si l'arme est brisée, il perd définitivement ce bonus.;Bonus de 1 à tous les jets d'attaque et de parade tant que le personnage se bat avec cette arme précise. Arme perdue ou brisée, le bonus est perdu définitivement.;Arme de prédilection;oui;livre-de-regles-2e-edition
augure-favorable;Avantage;Augure favorable;Général;3;L'Augure de naissance du personnage est particulièrement marqué et lui confère des aptitudes innées ainsi que des cercles supplémentaires dans certaines Tendances. En plus d'attribuer des bonus, il va sans dire que cet Augure favorable influence plus profondément encore le caractère et les motivations du personnage. Tous ces bonus s'appliquent après avoir déterminé son profil de base mais avant la dépense des Points de Compétence.;Cercles de Tendance et bonus de Compétence selon l'Augure de naissance, appliqués après le profil de base et avant la dépense des Points de Compétence. Le fataliste : Fatalité +5, et +1 à une Compétence d'Influence et +1 à une Compétence de Communication. Le volcan : Dragon +4 et Fatalité +1, et +1 à deux Compétences de Combat. Le métal : Dragon +3 et Homme +2, et +1 à une Compétence de Combat et +1 à une Compétence de Technique. La cité : Dragon +1 et Homme +4, et +1 à deux Compétences de Communication. Le vent : Dragon +4 et Homme +1, et +1 à deux Compétences de Mouvement. L'océan : Dragon +5, et +1 à une Compétence de Théorie et +1 à une Compétence de Pratique. La chimère : Dragon +3, Homme +1 et Fatalité +1, et +1 à une Sphère et +1 en Magie instinctive. La nature : Dragon +4 et Fatalité +1, et +1 à une Compétence de Mouvement et +1 à une Compétence de Pratique. La pierre : Dragon +5, et +1 à une Compétence de Combat et +1 à une Compétence d'Influence. L'homme : Homme +5, et +1 à une Compétence de Communication et +1 à une Compétence au choix, sauf Sphères et Disciplines.;Augure;;livre-de-regles-2e-edition
chance;Avantage;Chance;Général;2;Cet Avantage permet au personnage de récupérer un Point de Chance supplémentaire à chaque action ratée (soit 2 pour un échec normal et 3 pour un échec critique).;Un Point de Chance supplémentaire à chaque action ratée : 2 sur un échec normal, 3 sur un échec critique.;;;livre-de-regles-2e-edition
charme;Avantage;Charme;Général;1;Le personnage dispose d'un charme naturel qui augmente ses facultés de séduction, de dialogue et de communication. Tous ses jets basés sur le relationnel (Baratin ou Psychologie) bénéficient d'un bonus de 2 et ceux de Séduction d'un bonus de 5.;Bonus de 2 sur les jets relationnels (Baratin, Psychologie) et de 5 sur les jets de Séduction.;;;livre-de-regles-2e-edition
confidences;Avantage;Confidences;Général;3;Le personnage a la faculté d'inspirer la confiance et de provoquer le dialogue. Cet Avantage donne un bonus de 5 à tous les jets de Communication portant sur des informations que son interlocuteur tient à garder secrètes. Attention : cet Avantage ne permet pas d'obtenir spontanément des informations vitales (position de l'armée ennemie, son appartenance à une secte humaniste ou fataliste, révéler un secret draconique, etc.). Au sein du groupe, les compagnons du personnage auront de plus tendance à se confier à lui et à lui demander conseil en cas de problème.;Bonus de 5 sur les jets de Communication portant sur ce que l'interlocuteur tient à garder secret. Ne donne jamais spontanément une information vitale.;;;livre-de-regles-2e-edition
corps-aguerri;Avantage;Corps aguerri;Général;3;Cet Avantage permet au personnage de résister à la douleur et à la fatigue découlant de ses blessures. En réussissant un jet de Mental + Volonté contre une Difficulté de 15, il peut réduire de (1 + NR) points les malus liés aux Seuils de blessure, et cela pour toute la durée du combat, après quoi ils s'appliquent de nouveau normalement. Ce jet ne s'effectue qu'une fois par combat.;Un jet de Mental + Volonté contre une Difficulté de 15, une seule fois par combat, réduit de (1 + NR) points les malus liés aux Seuils de blessure pour toute la durée du combat.;;oui;livre-de-regles-2e-edition
droiture;Avantage;Droiture;Général;1;L'honneur et le respect sont des valeurs fondamentales aux yeux du personnage. Ses certitudes sont telles que ses interlocuteurs peuvent sentir sa droiture. La Présence du personnage est augmentée de 2 lors de tous les jets basés sur l'honneur, le courage et le moral.;Présence augmentée de 2 sur tous les jets basés sur l'honneur, le courage et le moral.;;oui;livre-de-regles-2e-edition
fortune-personnelle;Avantage;Fortune personnelle;Général;1-10;Cet Avantage confère au personnage une somme de 1 000 dracs de fer par point dépensé.;1 000 dracs de fer par point dépensé.;;;livre-de-regles-2e-edition
heritage-draconique;Avantage;Héritage draconique;Général;6;Le personnage se voit octroyer une Faveur provenant du Lien draconique d'un de ses parents. Le personnage est donc capable d'utiliser cette Faveur sans pour autant avoir de Lien. Le dragon l'ayant choisi ne s'est pas manifesté depuis son plus jeune âge. Le dragon peut ressurgir n'importe quand pour vérifier que le personnage reste fidèle à ses convictions familiales et donc à la mentalité appréciée par l'ailé. Le personnage ne connaît pas le dragon et peut décider de briser les traditions en ayant combattu ses capacités « innées », à ses risques et périls lorsque le dragon ressurgira. Il va sans dire que tout Prélude entré au cours de sa vie restera figé, le nouveau dragon refusant le Lien à un personnage car il ressent l'influence d'un de ses pairs. Lors du retour du dragon, le personnage peut être remis à l'épreuve et avoir à assujettir son comportement à la mentalité du dragon sous peine de se voir ôter cet héritage. Cet Avantage ne peut être choisi qu'une fois et doit impérativement être tiré sur le tableau ci-dessous.;Le personnage utilise une Faveur du Lien draconique d'un de ses parents, sans avoir de Lien lui-même. Tout Prélude entré au cours de sa vie reste figé : un nouveau dragon refuse le Lien à qui porte l'influence d'un de ses pairs. Le dragon peut ressurgir à tout moment, remettre le personnage à l'épreuve et lui ôter cet héritage. Ne peut être pris qu'une fois. La Faveur est tirée au D10 : 1 La marque de l'ombre (Kalimsshar), 2 L'œil incandescent (Kroryn), 3 La main du maître (Kezyr), 4 L'esprit des cités (Khy), 5 L'élan des brises (Szyl), 6 Le secret du verbe (Ozyr), 7 Le monde éthéré (Nenya), 8 Le sang et la sève (Heyra), 9 La peau de pierre (Brorne), 10 relancer sur cette table.;Faveur héritée;;livre-de-regles-2e-edition
magie-naturelle;Avantage;Magie naturelle;Général;4;Cet Avantage confère au personnage une base de 2 dans une Sphère de magie et un sort de niveau 1 gratuit de cette Sphère. Les limitations liées aux Sphères doivent être respectées. Cet Avantage ne peut être choisi qu'une seule fois.;Une base de 2 dans une Sphère de magie et un sortilège de niveau 1 gratuit de cette Sphère, dans le respect des limitations de Sphère. Ne peut être pris qu'une fois.;Sphère choisie;;livre-de-regles-2e-edition
mentor;Avantage;Mentor;Général;4;Le mentor est l'instructeur qui a le plus compté dans l'apprentissage du personnage. C'est lui qui a forgé son savoir-faire et qui a orienté la plupart de ses choix. En choisissant cet Avantage, le joueur gagne un total de 2 points qu'il peut attribuer à une ou plusieurs Compétences dans son profil de caste. Cet Avantage est le seul qui permette de dépasser les limitations dues à l'âge du personnage — mais il est toujours impossible de dépasser 10 à la création. Cet Avantage ne peut être choisi qu'une seule fois.;2 points à répartir entre une ou plusieurs Compétences du profil de caste. Le seul Avantage qui permette de dépasser les limitations dues à l'âge, sans jamais dépasser 10 à la création. Ne peut être pris qu'une fois.;Mentor;;livre-de-regles-2e-edition
prestance;Avantage;Prestance;Général;2;Le prestige du personnage et l'expérience qu'il a acquis donnent à sa parole un poids évident lors des discussions. Chaque fois qu'il tentera une action sociale liée à son charisme, telle que faire aboutir une discussion, exposer un point de vue ou orienter une prise de décision, son Attribut Social sera augmenté de 2.;Attribut Social augmenté de 2 sur toute action sociale liée au charisme : faire aboutir une discussion, exposer un point de vue, orienter une décision.;;oui;livre-de-regles-2e-edition
pressentiment;Avantage;Pressentiment;Général;3;Le personnage possède une sorte de sixième sens qui lui permet de déterminer certains éléments de son avenir proche. Par exemple, s'il se rapproche d'une grotte, il pourra deviner si ce lieu est habité, si l'occupant sera éventuellement agressif, si un piège est à soupçonner, etc. Les utilisations de cet Avantage sont limitées à trois fois par jour. À chaque utilisation, le joueur doit effectuer un jet de Mental + Empathie contre une Difficulté de 15. Si le jet est réussi, le personnage obtient (1 + NR) informations. Par exemple, dans le cas de la grotte : « Elle est habitée (jet réussi), ses occupants sont nombreux (premier NR) et ils semblent instinctivement dangereux (deuxième NR) ».;Trois fois par jour, un jet de Mental + Empathie contre une Difficulté de 15 donne (1 + NR) informations sur l'avenir proche.;;;livre-de-regles-2e-edition
resistance-a-la-magie;Avantage;Résistance à la magie;Général;5;Certains humains possèdent une résistance à la magie qui les protège de nombreux effets. Lorsqu'il choisit cet Avantage, le joueur doit décider entre les deux facultés suivantes. Soit il obtient une protection efficace contre tous les sortilèges d'une Sphère précise, auquel cas son jet de résistance bénéficiera d'un bonus de 8, soit une protection moindre mais contre toutes les Sphères, auquel cas le bonus est de 5. Cette résistance n'influe pas sur les capacités surnaturelles du personnage (Techniques, bénéfices, Faveurs, Privilèges) ou le lancement de ses propres sortilèges. En revanche, cette résistance s'applique à tous les effets de sorts (et uniquement des sorts) lui étant jetés, qu'ils soient bénéfiques ou néfastes. Cet Avantage ne peut être sélectionné qu'une seule fois.;Au choix : bonus de 8 aux jets de résistance contre les sortilèges d'une Sphère précise, ou bonus de 5 contre toutes les Sphères. S'applique à tout effet de sort subi, bénéfique comme néfaste, mais pas aux capacités surnaturelles du personnage ni à ses propres incantations. Ne peut être pris qu'une fois.;Sphère protégée, ou toutes;oui;livre-de-regles-2e-edition
sante-de-fer;Avantage;Santé de fer;Général;4;Cet Avantage confère au personnage une capacité de résistance aux maladies et aux agressions extérieures. Tous ses jets de résistance pour lutter contre les maladies, les poisons ou toutes autres substances nocives bénéficient d'un bonus de 5. De plus, l'organisme du personnage lui permet de mieux bénéficier des soins. Il est toujours considéré comme ayant atteint un Seuil de blessure inférieur à celui où il se trouve actuellement pour déterminer la Difficulté du jet de soins. Par exemple, si le personnage est en blessure fatale, les soins et les tentatives pour stopper d'éventuelles hémorragies seront effectués comme s'il n'avait atteint que le Seuil de blessures graves. Cet Avantage n'annule pas les malus liés aux Seuils de blessure.;Bonus de 5 sur tous les jets de résistance aux maladies, poisons et autres substances nocives. Pour la Difficulté d'un jet de soins, le personnage compte comme étant au Seuil de blessure inférieur à celui qu'il occupe. N'annule pas les malus liés aux Seuils de blessure.;;;livre-de-regles-2e-edition
sens-accru;Avantage;Sens accru;Général;2;L'un des sens du personnage est particulièrement développé. Tous ses jets de perception utilisant ce sens gagnent un bonus de 5. Cet Avantage peut être choisi plusieurs fois, mais à chaque fois pour un sens différent (vue, ouïe, odorat, goût, toucher).;Bonus de 5 sur tous les jets de perception utilisant le sens choisi. Peut être pris plusieurs fois, pour un sens différent à chaque fois.;Sens développé;oui;livre-de-regles-2e-edition
sens-de-l-orientation;Avantage;Sens de l'orientation;Général;1;Grâce à cet Avantage, le personnage peut toujours se repérer. Il sait avec certitude si certains endroits se trouvent devant, derrière, à gauche ou à droite, vers le nord, le sud, etc. Ceci se traduit par un bonus de 3 à ses jets d'Orientation (en milieu naturel) et de Vie en cité (dans une ville).;Bonus de 3 aux jets d'Orientation en milieu naturel et de Vie en cité en ville.;;;livre-de-regles-2e-edition
sens-en-alerte;Avantage;Sens en alerte;Général;3;Cet Avantage permet au personnage d'être toujours en alerte et, lors des combats, de garder une vue d'ensemble des événements, de façon à pouvoir intervenir au meilleur moment. Au premier tour de chaque combat, le joueur lance un dé supplémentaire pour déterminer le rang d'Initiative des actions de son personnage. Il choisit ensuite les meilleurs résultats, en conservant un nombre de dés égal à son nombre d'actions.;Au premier tour de chaque combat, un dé d'Initiative supplémentaire : le joueur garde les meilleurs résultats, à hauteur de son nombre d'actions.;;;livre-de-regles-2e-edition
statut-social;Avantage;Statut social;Général;2;Le personnage est connu à l'intérieur de sa caste, quel que soit son Statut. Cet Avantage augmente sa Renommée de 2 points pour toutes les actions liées à l'influence intérieure (obtenir des informations, négocier un marché, faire aboutir une demande, demander de l'aide, etc.).;Renommée augmentée de 2 pour toutes les actions d'influence à l'intérieur de sa caste, quel que soit son Statut.;;;livre-de-regles-2e-edition
chance-inouie;Avantage;Chance inouïe;Enfant;3;La Chance inouïe permet à l'enfant de défier les lois de la probabilité et de réussir miraculeusement les actions qu'il était sur le point de rater. Que son jet soit raté ou réussi, le joueur peut dépenser des Points de Chance pour obtenir des NR (c'est l'exception qui confirme la règle de dépense des Points de Chance).;Le joueur peut dépenser des Points de Chance pour obtenir des NR, que le jet soit réussi ou raté — la seule exception à la règle de dépense des Points de Chance.;;oui;livre-de-regles-2e-edition
empathie-naturelle;Avantage;Empathie naturelle;Enfant;4;Cet Avantage permet au personnage de « sentir » son environnement comme s'il pouvait établir un contact empathique avec les éléments qui l'entourent. Cette faculté lui permet de ressentir des impressions, des émotions, des peurs. Cet Avantage s'utilise avec un jet de Mental + Empathie contre une Difficulté variable, en fonction de l'action entreprise. Pour ressentir des émotions sur des animaux et des créatures dénuées d'intelligence, la Difficulté est de 10. Sur des êtres intelligents, la Difficulté passe à 15. Le meneur de jeu se réserve le droit de faire effectuer à la cible un jet de Mental + Volonté contre une Difficulté de 15, s'il estime que cette dernière cherche à masquer ses émotions. Ce jet est alors un jet d'opposition.;Jet de Mental + Empathie pour ressentir impressions, émotions et peurs : Difficulté 10 sur un animal ou une créature dénuée d'intelligence, 15 sur un être intelligent. Une cible qui masque ses émotions peut s'y opposer par un jet de Mental + Volonté contre une Difficulté de 15.;;oui;livre-de-regles-2e-edition
fetiche;Avantage;Fétiche;Enfant;2;Les enfants aiment croire que certains objets qui leur sont chers possèdent des pouvoirs magiques, ainsi qu'une personnalité propre. Tant qu'il porte cet objet sur lui, le personnage voit son Attribut Chance augmenter de 1. Si l'objet est perdu, volé ou détruit, le personnage sombre immédiatement dans une période de morosité qui durera une vingtaine de jours, et durant laquelle le personnage ne pourra plus regagner qu'un seul Point de Chance à chaque action ratée, quel que soit le type d'échec. Il sera également très irritable et aura nettement moins confiance en lui. L'Avantage est définitivement perdu dès la disparition du fétiche, et il est impossible de le remplacer.;Chance augmentée de 1 tant que le fétiche est porté. Objet perdu, volé ou détruit : une vingtaine de jours de morosité pendant lesquels un seul Point de Chance est regagné par action ratée, quel que soit le type d'échec — et l'Avantage est perdu définitivement, sans remplacement possible.;Fétiche;oui;livre-de-regles-2e-edition
instinct-protecteur;Avantage;Instinct protecteur;Enfant;2;L'enfant provoque au sein du groupe un instinct de protection. Lorsqu'il est en danger (combat, chute imminente, noyade, etc.), l'un de ses compagnons se porte immanquablement à son secours. Pour ce faire, le sauveur bénéficie d'un bonus de 3 à UNE action destinée à le tirer d'affaire (parer une attaque fatale, rattraper la corde qui glisse, plonger à son secours, etc.), une fois par jour. Le joueur est en droit de réclamer l'assistance d'un des personnages si la situation l'exige. Le meneur de jeu pourra, en dernier recours, désigner un personnage qui n'aurait pas réagi spontanément.;Une fois par jour, un compagnon qui se porte au secours de l'enfant gagne un bonus de 3 à UNE action destinée à le tirer d'affaire. Le joueur peut réclamer cette assistance, et le meneur de jeu désigner un sauveur en dernier recours.;;oui;livre-de-regles-2e-edition
precoce;Avantage;Précoce;Enfant;2;L'enfant est en avance sur les autres enfants de son âge. Sa maturité lui vaut l'intérêt des adultes et une certaine distance de la part de ses camarades. Le personnage peut développer une Compétence jusqu'à un niveau de 5 (soit autant qu'un adulte) à la création. Cet écart, perceptible lors de l'enfance, se perdra dans la masse à l'âge adulte.;À la création, une Compétence peut être développée jusqu'à 5, autant qu'un adulte. L'écart se perd à l'âge adulte.;Compétence développée;oui;livre-de-regles-2e-edition
art-interdit;Avantage;Art interdit;Ancien;3;Cet Avantage permet aux anciens et aux vénérables de développer dès la création l'une des quatre Compétences suivantes : Armes mécaniques, Chirurgie, Explosifs ou Mécanismes. Au cours de sa vie, il aura rencontré un maître capable de lui enseigner les rudiments de l'une de ces Compétences qu'il pourra développer jusqu'à un niveau maximum de 5 + Tendance Homme. Cet Avantage autorise uniquement la dépense de points à la création dans une de ces Compétences. Cet Avantage n'autorise aucunement le personnage à pratiquer cet art. À sa charge d'obtenir les rares autorisations délivrées par certaines castes. Cet Avantage peut être choisi plusieurs fois et doit être acheté pour chaque Compétence désirée.;Autorise, à la création seulement, la dépense de points dans l'une de ces quatre Compétences — Armes mécaniques, Chirurgie, Explosifs, Mécanismes — jusqu'à un maximum de 5 + Tendance Homme. N'autorise en rien à pratiquer l'art : les rares autorisations restent à obtenir auprès des castes. À acheter pour chaque Compétence désirée.;Compétence interdite;oui;livre-de-regles-2e-edition
conviction;Avantage;Conviction;Ancien;2;Cet Avantage permet au personnage de rester de marbre face à des attaques, des tentatives d'intimidation et des situations où ses principes seraient mis en cause. Cet Avantage confère un bonus de 5 à tous les jets de Social et de Volonté basés sur l'intimidation, le chantage ou le harcèlement psychologique.;Bonus de 5 à tous les jets de Social et de Volonté face à l'intimidation, au chantage ou au harcèlement psychologique.;;oui;livre-de-regles-2e-edition
culture;Avantage;Culture;Ancien;3;Cet Avantage procure au personnage une connaissance restreinte de tous les sujets théoriques auxquels il peut être confronté. Il permet d'obtenir un bonus de 1 à tous les jets de Mental + Compétence de Théorie.;Bonus de 1 à tous les jets de Mental + Compétence de Théorie.;;oui;livre-de-regles-2e-edition
habilete-reconnue;Avantage;Habileté reconnue;Ancien;5;L'apprentissage et l'expérience ont permis au personnage de se forger la maîtrise parfaite d'une certaine catégorie de Compétences. Lorsqu'il choisit cet Avantage, le joueur doit désigner l'un des huit groupes de Compétences (Combat, Manipulation, Théorie, etc.). Pour tous les jets qu'il effectuera avec une Compétence de ce groupe ET l'Attribut Majeur correspondant, il gagnera un bonus de 1 sur son jet. Par exemple : donner un coup d'épée (Physique + Combat), négocier le prix d'un objet (Social + Communication), etc. Ce bonus ne s'applique pas si le jet met en cause un Attribut différent de celui de la catégorie de Compétence (Mental + Combat ou Manuel + Combat, par exemple). Cette Habileté reconnue peut s'appliquer aux Disciplines de magie, auquel cas chacune se voit gratifiée d'un bonus de 1 au jet. Cet Avantage ne peut être choisi qu'une seule fois.;Bonus de 1 sur tous les jets combinant une Compétence du groupe choisi ET son Attribut majeur. Rien si le jet passe par un autre Attribut que celui de la catégorie. Peut porter sur les Disciplines de magie, chacune gagnant alors 1 au jet. Ne peut être pris qu'une fois.;Groupe de compétences;oui;livre-de-regles-2e-edition
objet-de-predilection;Avantage;Objet de prédilection;Ancien;3;Le personnage possède un objet de prédilection (il ne peut pas s'agir d'une arme). Le personnage gagne un bonus de 2 à chaque fois qu'il utilise cet objet. Si l'objet est perdu, volé ou détruit, le personnage perd définitivement cet Avantage. Cet Avantage ne peut être choisi qu'une seule fois.;Bonus de 2 à chaque utilisation de l'objet, qui ne peut pas être une arme. Objet perdu, volé ou détruit : l'Avantage est perdu définitivement. Ne peut être pris qu'une fois.;Objet de prédilection;oui;livre-de-regles-2e-edition
technique-personnelle;Avantage;Technique personnelle;Ancien;5;Grâce à cet Avantage, le personnage a développé une technique totalement inédite. Cette technique est applicable au combat, à l'artisanat, à la magie, à la diplomatie, etc. Le personnage peut décider d'utiliser différemment ses Points de Maîtrise. En annonçant AVANT son jet cette dépense, il peut dépenser 3 points pour obtenir un NR automatique qu'il pourra faire valoir si son jet est, bien sûr, réussi. Le personnage peut toujours utiliser ses Points de Maîtrise non utilisés par ce biais de façon conventionnelle. Par exemple, Yhunn, légendaire Maître de tous les combattants, utilise sa technique personnelle. Son Attribut Physique est de 9, sa Compétence d'Armes tranchantes est de 15 et il a 10 Points de Maîtrise. Son score de base est de 9 + 15, soit 24. La Difficulté est de 15 mais il veut impressionner son adversaire. Il dépense donc 1 Point de Maîtrise pour arriver à 25 et en dépense 9 autres pour obtenir trois NR automatiques. Il obtient un 6 sur son jet de dé. Son score final est de 31. Il obtient ainsi trois NR grâce au jet de dé, auxquels il ajoute les trois NR automatiques. Il arrive à un impressionnant résultat final de six NR. Cet Avantage ne peut être sélectionné qu'une fois.;Annoncée AVANT le jet, une dépense de 3 Points de Maîtrise donne un NR automatique, acquis si le jet est réussi. Les Points de Maîtrise non dépensés ainsi restent utilisables normalement. Ne peut être pris qu'une fois.;Technique développée;oui;livre-de-regles-2e-edition
